cliente_id,edad,antiguedad_años,salario_mensual_cop,num_productos,saldo_promedio_cop,num_transacciones_mes,dias_desde_ultimo_contacto,nps_score,canal_preferido,segmento_cliente,region,tiene_credito,tiene_cuenta_ahorro,meses_sin_uso_app,quejas_ultimo_año,churn
CLI00001,60,11,9859922,1,6962365,23,108,2,Telefónico,Premium,Andina,1,0,10,3,1
CLI00002,50,2,11114742,1,34895115,27,156,0,Telefónico,Masivo,Pacífica,0,0,3,3,0
CLI00003,36,19,5190583,6,20407616,45,82,1,Digital,Premium,Pacífica,1,1,7,4,1
CLI00004,64,11,11519276,2,5994602,44,77,7,Digital,Preferente,Pacífica,1,1,0,3,0
CLI00005,29,16,3099908,5,19631335,18,258,0,Presencial,Pyme,Andina,1,1,8,2,0
CLI00006,42,9,3664412,1,6307517,24,127,6,Digital,Masivo,Pacífica,0,1,6,1,0
CLI00007,60,13,6809792,5,37151602,51,282,4,App Móvil,Preferente,Andina,1,1,11,1,1
CLI00008,40,16,3853847,4,3305610,47,88,2,Presencial,Masivo,Caribe,1,1,1,1,0
CLI00009,44,17,4392478,5,25619046,40,204,6,Digital,Masivo,Andina,0,1,10,2,0
CLI00010,32,18,3484117,3,2088618,51,16,8,Telefónico,Pyme,Amazonía,0,1,11,0,0
CLI00011,32,16,7449852,3,46775134,42,151,1,Presencial,Preferente,Andina,1,1,5,2,0
CLI00012,45,13,1529725,5,30693648,7,254,7,Digital,Masivo,Andina,1,1,7,1,0
CLI00013,57,8,11074182,3,32884192,50,188,8,App Móvil,Masivo,Pacífica,0,1,10,1,1
CLI00014,61,7,10684536,4,10987935,48,329,2,App Móvil,Preferente,Andina,1,1,4,1,0
CLI00015,45,1,2388036,2,41150969,20,32,1,Telefónico,Preferente,Pacífica,1,1,5,3,1
CLI00016,24,12,4471783,3,23700188,27,271,6,Digital,Masivo,Pacífica,1,1,11,0,0
CLI00017,43,6,4162761,3,14094164,6,5,4,Presencial,Pyme,Caribe,1,1,9,2,1
CLI00018,23,8,8024559,5,29811111,27,330,4,Telefónico,Masivo,Amazonía,1,0,7,1,1
CLI00019,45,10,4013024,4,31223190,9,308,9,Digital,Masivo,Pacífica,1,0,5,4,0
CLI00020,51,13,3898083,2,23537207,53,333,4,Digital,Pyme,Orinoquía,1,0,11,0,0
CLI00021,59,3,8036295,5,27963733,45,169,3,App Móvil,Masivo,Pacífica,0,1,8,4,1
CLI00022,23,12,5409439,5,15741873,57,181,4,Digital,Masivo,Orinoquía,0,0,11,0,0
CLI00023,42,1,7127745,6,23835237,31,178,3,Telefónico,Preferente,Caribe,1,1,8,1,0
CLI00024,54,4,5411146,4,15163300,21,143,5,Presencial,Premium,Andina,1,1,8,0,0
CLI00025,33,10,11529528,2,39674354,26,362,3,Presencial,Masivo,Orinoquía,1,1,5,0,0
CLI00026,43,5,3207017,4,39129909,40,248,1,Digital,Pyme,Caribe,1,1,11,1,1
CLI00027,46,17,2189556,2,40474311,48,127,8,App Móvil,Premium,Caribe,1,1,11,4,0
CLI00028,48,9,8788538,4,41313512,45,263,1,Presencial,Masivo,Pacífica,1,1,8,4,1
CLI00029,63,3,3753722,5,6662064,13,40,8,Presencial,Preferente,Pacífica,0,1,2,3,0
CLI00030,49,8,3149729,5,217314,49,355,9,Telefónico,Masivo,Caribe,1,1,4,4,0
CLI00031,37,5,2616271,1,5728394,23,255,5,Telefónico,Masivo,Orinoquía,0,1,1,4,0
CLI00032,36,1,4599555,3,48388951,20,143,8,App Móvil,Premium,Pacífica,1,1,11,0,0
CLI00033,24,16,7183797,6,17525908,37,240,8,Presencial,Pyme,Andina,0,1,7,3,0
CLI00034,58,4,3181641,4,35937394,54,228,2,Presencial,Masivo,Pacífica,1,0,10,1,1
CLI00035,28,5,2016409,6,49898558,53,341,0,App Móvil,Masivo,Andina,0,1,3,1,1
CLI00036,42,11,2166165,1,44019815,28,198,0,Telefónico,Preferente,Caribe,0,1,5,2,1
CLI00037,30,9,4288363,3,48662354,17,65,2,Digital,Masivo,Caribe,0,1,5,3,0
CLI00038,60,5,5976321,4,15214586,28,11,4,Digital,Masivo,Andina,1,1,4,0,0
CLI00039,39,7,5210388,2,8970512,41,108,2,App Móvil,Masivo,Andina,1,1,11,2,1
CLI00040,25,1,4735192,3,28454034,2,26,8,Presencial,Preferente,Pacífica,1,0,11,2,0
CLI00041,46,11,11629295,5,20658359,25,151,8,Telefónico,Masivo,Pacífica,1,0,0,1,0
CLI00042,35,12,3435090,1,21688293,58,221,2,Presencial,Masivo,Andina,1,0,10,4,1
CLI00043,30,6,10633790,3,18722753,50,341,2,Digital,Premium,Pacífica,1,0,6,0,1
CLI00044,47,9,5437270,3,43984421,41,237,4,Telefónico,Premium,Caribe,1,0,9,3,1
CLI00045,23,12,8239013,5,41495670,6,237,1,Digital,Preferente,Caribe,0,1,7,2,1
CLI00046,41,16,8589975,4,25243940,11,219,5,Presencial,Masivo,Orinoquía,0,1,0,0,0
CLI00047,49,13,10305586,2,42327410,57,151,6,Presencial,Preferente,Caribe,1,1,9,1,0
CLI00048,28,1,2533316,5,27188467,38,123,8,Presencial,Masivo,Caribe,1,1,6,2,0
CLI00049,29,10,6319075,2,20151875,6,144,5,Telefónico,Masivo,Pacífica,1,0,3,2,0
CLI00050,56,0,11659093,4,28618453,45,189,2,App Móvil,Preferente,Andina,1,1,5,1,0
CLI00051,35,18,6242297,3,28694704,11,255,4,Telefónico,Masivo,Orinoquía,0,1,8,1,0
CLI00052,38,3,5368452,2,1572138,14,68,3,Digital,Masivo,Caribe,1,1,4,1,0
CLI00053,57,18,9574037,1,43960377,2,104,4,Digital,Masivo,Caribe,1,1,7,0,0
CLI00054,61,10,2812743,1,10712332,40,336,7,Presencial,Masivo,Andina,1,1,4,0,0
CLI00055,25,7,8920105,5,44171571,3,159,7,App Móvil,Masivo,Andina,1,1,1,0,0
CLI00056,23,10,11815813,4,26795577,55,309,5,App Móvil,Pyme,Andina,1,1,3,4,0
CLI00057,27,3,1604195,5,13405288,53,362,0,App Móvil,Masivo,Andina,1,1,1,2,0
CLI00058,63,16,8508443,5,13468899,35,300,7,Digital,Masivo,Orinoquía,0,1,6,0,0
CLI00059,25,6,6776728,6,24626669,33,90,7,Presencial,Masivo,Orinoquía,0,1,6,4,0
CLI00060,50,7,5601036,5,7001837,24,357,1,Presencial,Pyme,Caribe,1,1,2,2,0
CLI00061,39,2,11227094,6,3497831,19,256,3,Digital,Preferente,Andina,1,1,6,0,0
CLI00062,47,1,3665251,1,2848439,18,353,1,Digital,Masivo,Andina,0,1,0,1,0
CLI00063,55,14,11366460,1,22755322,49,220,3,App Móvil,Premium,Orinoquía,1,1,0,3,0
CLI00064,31,4,8803693,5,24843035,52,9,9,Digital,Masivo,Amazonía,1,0,8,0,0
CLI00065,57,0,4714850,1,47453056,24,12,6,Digital,Masivo,Caribe,1,1,5,3,1
CLI00066,35,3,11608631,4,46663593,45,325,8,Digital,Masivo,Pacífica,0,0,11,0,0
CLI00067,52,14,9483439,6,31443759,35,244,7,App Móvil,Masivo,Andina,1,1,4,1,0
CLI00068,36,19,10374883,6,27688743,1,182,8,Presencial,Masivo,Caribe,1,1,5,3,0
CLI00069,29,18,10187479,5,41888352,36,284,7,Telefónico,Preferente,Caribe,1,1,5,4,0
CLI00070,35,2,9768541,1,2021835,25,312,1,App Móvil,Masivo,Andina,1,1,0,1,0
CLI00071,44,19,11046263,2,6427095,45,99,6,Digital,Preferente,Andina,0,0,4,3,1
CLI00072,61,10,4449281,6,29014915,49,197,1,Telefónico,Masivo,Caribe,1,1,8,3,0
CLI00073,42,16,8856061,5,47206309,43,226,1,Digital,Masivo,Pacífica,0,0,3,1,0
CLI00074,37,12,2794929,5,37086106,34,333,3,Digital,Masivo,Caribe,0,1,2,1,0
CLI00075,39,10,4004594,4,24113518,25,103,0,App Móvil,Pyme,Andina,1,1,0,1,0
CLI00076,45,1,2743294,3,28093327,16,106,4,Telefónico,Masivo,Andina,1,1,1,2,0
CLI00077,47,8,5067675,3,30097591,34,58,5,Presencial,Preferente,Caribe,1,1,2,4,0
CLI00078,46,1,9211634,6,6282827,29,78,8,Presencial,Masivo,Andina,0,0,3,0,0
CLI00079,62,8,10785424,4,31460638,19,75,9,Presencial,Masivo,Caribe,1,1,6,3,0
CLI00080,50,8,3914802,4,42293719,23,42,7,Digital,Masivo,Andina,1,0,5,0,0
CLI00081,36,7,1943031,4,48442092,19,324,1,Digital,Masivo,Caribe,1,0,10,1,1
CLI00082,22,16,10979276,6,39576088,25,181,0,Digital,Masivo,Andina,1,0,7,4,1
CLI00083,46,0,7944345,3,29990398,16,33,1,Digital,Masivo,Caribe,1,1,8,4,1
CLI00084,28,10,4290373,4,6519585,54,71,6,App Móvil,Premium,Pacífica,1,1,5,2,0
CLI00085,30,7,5416643,1,8132162,51,56,3,Digital,Masivo,Pacífica,0,0,6,1,1
CLI00086,45,9,8561183,5,21588887,9,105,9,Digital,Preferente,Caribe,0,0,3,3,0
CLI00087,22,6,4787058,5,9492989,1,200,4,Presencial,Masivo,Andina,0,1,1,2,0
CLI00088,29,2,11674124,2,24325097,42,101,6,App Móvil,Preferente,Caribe,1,1,8,1,0
CLI00089,45,2,7010493,2,5055769,19,256,2,Digital,Preferente,Andina,1,1,8,2,1
CLI00090,32,17,1790998,6,29598611,33,307,9,Digital,Masivo,Caribe,1,1,3,0,0
CLI00091,38,4,6355920,6,16613311,34,74,1,Presencial,Masivo,Andina,0,1,11,1,0
CLI00092,29,11,3328022,5,31849831,16,171,6,Telefónico,Preferente,Andina,0,1,2,3,0
CLI00093,56,11,7867712,1,22838482,44,143,4,Presencial,Premium,Orinoquía,0,1,9,3,1
CLI00094,56,18,2909854,3,21079044,40,166,0,App Móvil,Masivo,Andina,0,1,10,1,1
CLI00095,54,5,9497043,3,23286978,55,261,0,App Móvil,Masivo,Andina,1,1,5,2,1
CLI00096,26,1,1681360,6,30271417,18,221,8,Telefónico,Premium,Andina,1,1,2,4,0
CLI00097,63,11,3944026,1,17321242,34,83,4,Telefónico,Masivo,Orinoquía,1,1,0,1,0
CLI00098,60,18,4015419,6,37497295,25,182,0,Presencial,Preferente,Pacífica,1,1,3,3,1
CLI00099,62,4,7032410,3,12696688,45,307,6,Digital,Masivo,Caribe,1,1,0,0,0
CLI00100,49,11,5638286,6,29540622,6,10,8,App Móvil,Masivo,Pacífica,1,1,1,3,0
CLI00101,28,16,11179818,4,39797922,21,4,0,Presencial,Preferente,Andina,0,0,2,4,0
CLI00102,30,16,9833100,6,40038859,58,351,9,Digital,Preferente,Pacífica,1,0,7,3,0
CLI00103,29,9,8393728,5,23998568,6,336,3,Telefónico,Masivo,Pacífica,1,1,9,4,1
CLI00104,33,16,5084197,6,31239860,32,292,2,Digital,Preferente,Caribe,1,1,3,1,0
CLI00105,55,14,1811955,5,21249305,41,281,4,Presencial,Premium,Pacífica,0,1,3,3,0
CLI00106,54,11,3627599,1,41175390,48,215,6,Presencial,Preferente,Caribe,0,1,9,2,0
CLI00107,44,15,6433594,3,21207891,43,98,7,Presencial,Masivo,Caribe,0,1,8,2,0
CLI00108,45,18,11453678,2,32059531,39,101,1,App Móvil,Preferente,Caribe,1,0,6,3,1
CLI00109,58,7,6335451,2,12563926,31,9,6,Digital,Preferente,Pacífica,1,1,1,3,0
CLI00110,56,16,5882794,3,5918806,42,61,0,Presencial,Premium,Caribe,1,1,2,0,0
CLI00111,61,4,8823494,2,8513199,10,309,6,Presencial,Preferente,Caribe,1,0,3,3,1
CLI00112,43,15,8199144,6,15272118,30,146,7,Telefónico,Masivo,Pacífica,0,0,3,0,0
CLI00113,48,5,6198713,1,25804928,57,63,1,Telefónico,Preferente,Caribe,1,0,9,0,1
CLI00114,56,7,9367791,1,10986741,52,121,8,Presencial,Preferente,Caribe,1,1,7,0,0
CLI00115,22,17,5290328,3,13356632,18,226,0,Telefónico,Masivo,Caribe,1,1,9,0,0
CLI00116,56,11,6789730,2,47081025,24,105,5,Digital,Masivo,Andina,1,1,9,1,0
CLI00117,58,14,5937610,6,11685762,52,260,0,App Móvil,Masivo,Andina,0,1,5,2,0
CLI00118,35,8,4739536,1,43151508,9,349,2,Presencial,Preferente,Caribe,0,0,2,0,0
CLI00119,24,12,3826133,1,34714584,31,255,5,Telefónico,Masivo,Amazonía,1,1,10,2,0
CLI00120,22,14,11628069,4,16151379,15,207,2,Digital,Preferente,Pacífica,1,1,8,0,0
CLI00121,26,9,9448140,4,12129712,4,28,7,Digital,Pyme,Andina,1,1,9,2,0
CLI00122,47,15,7220626,1,42926707,40,170,4,Presencial,Premium,Andina,1,1,7,3,1
CLI00123,35,6,7721714,3,45166293,9,336,1,App Móvil,Pyme,Andina,1,1,8,3,1
CLI00124,60,16,7874825,5,6305236,45,76,3,Presencial,Pyme,Andina,1,1,4,2,0
CLI00125,48,6,6505858,5,2365885,9,116,8,App Móvil,Masivo,Caribe,1,1,2,0,0
CLI00126,30,13,8528722,6,6195196,26,69,3,Presencial,Preferente,Caribe,1,1,3,1,0
CLI00127,36,14,9721252,1,880096,4,354,9,Presencial,Masivo,Orinoquía,0,1,11,2,1
CLI00128,36,6,10475708,1,32420723,17,234,9,Digital,Premium,Caribe,1,0,4,4,0
CLI00129,47,8,4915871,1,28756261,16,1,7,App Móvil,Masivo,Andina,1,1,8,1,0
CLI00130,63,18,3377971,3,44144380,15,167,4,Digital,Pyme,Orinoquía,1,1,8,4,1
CLI00131,34,15,9497488,4,36269198,35,352,9,App Móvil,Preferente,Pacífica,1,1,2,2,0
CLI00132,53,7,8314612,1,13172985,57,218,0,App Móvil,Premium,Andina,1,1,6,0,1
CLI00133,60,17,6463401,1,10015667,52,273,6,App Móvil,Masivo,Pacífica,1,1,5,4,0
CLI00134,53,17,4366757,2,31087640,5,251,2,Presencial,Masivo,Caribe,0,0,3,2,0
CLI00135,25,19,11225529,3,35027732,55,347,9,Telefónico,Premium,Pacífica,1,1,4,1,0
CLI00136,51,6,7413318,6,23536599,5,344,7,Telefónico,Masivo,Andina,1,1,9,0,0
CLI00137,58,2,8241286,1,30958456,20,174,2,Digital,Premium,Pacífica,1,1,1,4,1
CLI00138,44,17,3077969,2,48883781,15,170,0,Telefónico,Masivo,Amazonía,0,0,10,2,1
CLI00139,60,9,5151387,5,892015,18,246,4,Digital,Preferente,Orinoquía,0,0,6,0,0
CLI00140,36,6,11993291,6,10356675,47,90,1,Presencial,Masivo,Orinoquía,0,0,3,0,0
CLI00141,64,16,3211672,1,14139482,2,49,3,Digital,Preferente,Andina,1,1,1,3,0
CLI00142,50,13,7405950,1,41574929,29,294,0,Digital,Preferente,Andina,0,1,10,0,1
CLI00143,57,2,4712883,2,36425691,13,150,8,Presencial,Masivo,Andina,1,1,5,2,0
CLI00144,34,11,4528631,3,17631957,4,132,5,Presencial,Masivo,Pacífica,0,1,10,1,0
CLI00145,53,12,8732212,1,32289639,42,59,7,Telefónico,Masivo,Orinoquía,0,1,11,3,1
CLI00146,28,1,7923959,5,3352214,45,324,3,Digital,Preferente,Caribe,0,1,1,2,0
CLI00147,43,2,11667147,1,33335234,10,199,8,Presencial,Preferente,Orinoquía,0,1,9,2,1
CLI00148,49,4,8484297,5,19787303,31,215,1,Digital,Preferente,Pacífica,1,1,1,2,0
CLI00149,23,10,5524733,6,38198513,41,49,8,Presencial,Preferente,Amazonía,1,1,6,4,0
CLI00150,63,7,6359221,6,22158515,8,232,4,Telefónico,Masivo,Orinoquía,1,1,0,4,0
CLI00151,27,11,11302630,4,46433264,3,247,5,Presencial,Masivo,Caribe,0,1,6,1,0
CLI00152,49,6,5301250,4,19795655,48,239,2,Telefónico,Masivo,Caribe,0,1,9,2,1
CLI00153,49,14,10840854,5,16912586,46,168,3,Digital,Masivo,Caribe,1,1,4,4,1
CLI00154,41,16,1519675,3,17633852,9,48,5,Telefónico,Pyme,Caribe,1,1,0,4,0
CLI00155,51,3,9962605,1,45975556,30,51,6,Presencial,Premium,Andina,0,0,5,4,0
CLI00156,32,12,10856169,1,21419897,53,299,0,Presencial,Masivo,Pacífica,1,0,6,1,1
CLI00157,49,17,11887279,4,46629174,11,98,6,Telefónico,Preferente,Orinoquía,1,1,0,1,0
CLI00158,46,0,1986799,5,9304612,35,216,0,Digital,Premium,Andina,0,0,8,2,1
CLI00159,60,15,8310805,1,40089655,37,177,4,Telefónico,Masivo,Caribe,1,1,6,3,1
CLI00160,54,12,3738057,1,29864805,42,80,5,Telefónico,Masivo,Caribe,0,1,0,2,0
CLI00161,22,9,5964344,3,49696604,13,185,1,Digital,Masivo,Caribe,1,1,2,4,1
CLI00162,48,11,2066088,2,32320708,36,27,9,Digital,Preferente,Andina,0,1,4,4,0
CLI00163,34,1,8058947,4,20333128,56,195,8,Digital,Pyme,Andina,1,1,3,0,0
CLI00164,62,2,11651607,4,21788218,13,214,9,App Móvil,Preferente,Caribe,0,0,1,2,0
CLI00165,24,9,2158003,2,4713199,12,342,5,Telefónico,Masivo,Andina,1,0,0,4,0
CLI00166,60,1,2305113,1,9664001,37,114,6,Digital,Masivo,Caribe,0,1,3,4,1
CLI00167,27,12,10822004,3,19291584,10,242,9,Presencial,Premium,Andina,1,1,6,3,1
CLI00168,29,12,6528035,3,5125819,56,124,7,Presencial,Premium,Andina,1,1,10,0,0
CLI00169,48,17,5534464,4,32508722,9,305,9,App Móvil,Preferente,Andina,1,0,3,2,0
CLI00170,30,2,11492154,3,10598429,52,76,0,Digital,Preferente,Andina,1,1,8,1,1
CLI00171,58,6,3592101,6,17569546,7,311,7,Digital,Masivo,Amazonía,1,1,7,2,0
CLI00172,54,13,7495134,2,4474843,2,312,3,App Móvil,Premium,Caribe,0,0,7,2,1
CLI00173,63,19,11847918,1,18520171,54,196,9,Digital,Premium,Andina,0,0,4,3,0
CLI00174,45,16,11344689,6,40866635,56,351,7,Digital,Masivo,Pacífica,1,1,11,2,0
CLI00175,36,11,10003967,2,2786905,23,44,5,App Móvil,Preferente,Andina,0,1,0,3,0
CLI00176,53,15,7708714,5,35400396,39,186,8,Telefónico,Masivo,Orinoquía,1,1,8,3,0
CLI00177,53,11,8262126,4,23511930,40,343,3,Digital,Masivo,Andina,0,1,1,4,1
CLI00178,45,14,7842057,3,3503548,39,246,1,Digital,Masivo,Andina,1,1,5,1,0
CLI00179,62,9,5041483,5,26801589,21,84,1,Digital,Masivo,Caribe,1,1,9,3,1
CLI00180,33,6,11572959,3,7185115,23,207,4,Digital,Masivo,Andina,1,1,4,0,0
CLI00181,60,19,3012760,6,41535944,29,151,9,App Móvil,Masivo,Caribe,1,1,9,0,0
CLI00182,23,4,11351044,1,2269798,14,156,8,Presencial,Preferente,Caribe,0,0,7,1,0
CLI00183,24,0,5057689,1,4181726,26,16,2,Telefónico,Preferente,Andina,1,1,10,3,1
CLI00184,58,16,3363236,1,3439289,51,165,7,App Móvil,Masivo,Andina,0,1,2,1,0
CLI00185,38,2,9363426,3,40196052,5,145,3,Presencial,Masivo,Caribe,1,1,5,4,0
CLI00186,23,12,11488400,5,24463031,55,37,5,Digital,Preferente,Pacífica,1,1,5,0,0
CLI00187,23,13,1950930,1,16186862,31,333,9,Presencial,Masivo,Andina,1,1,9,2,1
CLI00188,49,17,8902324,5,15823521,25,45,5,App Móvil,Masivo,Caribe,0,1,2,0,0
CLI00189,44,3,9446232,3,14922998,31,206,2,App Móvil,Premium,Andina,0,1,11,3,0
CLI00190,58,17,4998408,6,27171358,50,62,4,Digital,Preferente,Pacífica,0,1,11,1,0
CLI00191,53,4,6903252,5,25298483,20,356,2,Telefónico,Premium,Andina,0,1,11,0,0
CLI00192,54,15,1591006,6,49929048,44,308,0,Presencial,Preferente,Andina,0,1,6,2,0
CLI00193,22,0,5651785,3,19375691,55,19,6,App Móvil,Masivo,Andina,1,1,10,2,0
CLI00194,40,13,2188725,3,34194304,17,300,3,Digital,Preferente,Andina,0,1,3,1,1
CLI00195,23,14,10677376,4,20633014,45,7,6,Presencial,Masivo,Orinoquía,1,0,4,1,0
CLI00196,47,8,1706487,3,33378855,2,249,2,App Móvil,Masivo,Pacífica,1,1,8,0,1
CLI00197,53,14,7889308,3,21718628,25,117,4,Presencial,Masivo,Caribe,1,1,5,3,1
CLI00198,27,16,5137820,2,19736686,13,68,4,Presencial,Premium,Andina,0,1,9,4,1
CLI00199,53,3,4784321,1,12275520,58,34,1,Digital,Masivo,Orinoquía,0,0,3,2,0
CLI00200,25,11,8518523,4,5422569,39,194,9,Digital,Pyme,Caribe,1,0,7,1,0
CLI00201,32,4,2178841,4,30573993,28,325,1,Digital,Premium,Amazonía,0,1,8,4,0
CLI00202,38,4,6920712,4,47468948,42,55,3,App Móvil,Preferente,Orinoquía,1,1,9,4,1
CLI00203,59,10,4952501,2,46404942,55,266,3,Digital,Preferente,Caribe,0,1,4,4,1
CLI00204,45,5,9933840,6,35202256,6,42,3,Presencial,Preferente,Orinoquía,1,1,1,3,0
CLI00205,26,6,3945840,3,36938405,3,297,5,Telefónico,Premium,Andina,1,0,5,1,0
CLI00206,55,13,6951973,1,22588002,58,231,1,Digital,Masivo,Pacífica,1,0,10,2,1
CLI00207,27,10,2879904,5,30361580,35,10,5,Presencial,Premium,Andina,0,1,11,1,0
CLI00208,43,12,8853172,6,13678599,18,358,6,Telefónico,Preferente,Andina,0,0,7,0,0
CLI00209,32,1,2937188,3,8821437,11,128,9,App Móvil,Pyme,Andina,1,1,4,2,0
CLI00210,37,6,3156321,2,37965486,54,179,2,Telefónico,Preferente,Pacífica,1,1,0,1,0
CLI00211,54,19,2038645,3,21092112,20,193,7,Telefónico,Preferente,Caribe,0,0,7,2,0
CLI00212,30,3,11460559,3,234000,5,92,1,Digital,Premium,Andina,0,1,8,0,0
CLI00213,27,7,6854552,2,44820469,19,231,7,App Móvil,Premium,Caribe,0,0,0,2,0
CLI00214,37,19,6025121,4,25487961,22,78,4,Digital,Preferente,Andina,1,0,7,4,1
CLI00215,50,18,7332801,4,28189328,59,85,1,Telefónico,Masivo,Andina,0,1,9,3,1
CLI00216,24,12,8411855,1,27771045,19,30,6,Digital,Preferente,Andina,1,1,11,0,0
CLI00217,41,13,8050091,1,28529068,47,213,1,App Móvil,Pyme,Andina,1,1,1,2,0
CLI00218,57,9,9290574,4,13693090,16,49,5,Telefónico,Premium,Caribe,1,1,3,0,0
CLI00219,40,10,4866823,6,10688877,24,265,9,Telefónico,Premium,Caribe,1,1,1,4,0
CLI00220,47,1,8870683,5,46374413,41,145,2,Digital,Masivo,Caribe,1,1,1,3,0
CLI00221,24,8,3667354,3,25732334,4,69,8,Presencial,Preferente,Andina,1,1,9,0,0
CLI00222,40,16,10985961,5,49524156,15,58,2,Telefónico,Preferente,Amazonía,0,1,2,4,0
CLI00223,41,2,7939522,3,47775541,25,185,2,Telefónico,Premium,Caribe,1,1,7,4,1
CLI00224,53,5,6547999,4,41279258,44,62,4,Digital,Masivo,Orinoquía,1,0,3,4,1
CLI00225,28,4,5885010,1,1097996,55,308,6,App Móvil,Premium,Pacífica,1,0,6,2,0
CLI00226,62,4,6318750,6,25765616,35,296,7,App Móvil,Preferente,Andina,1,1,11,1,0
CLI00227,54,14,6491536,1,43518366,55,166,6,Digital,Masivo,Andina,0,1,9,0,0
CLI00228,61,16,10712863,5,27534580,14,171,8,App Móvil,Masivo,Pacífica,1,1,2,1,0
CLI00229,60,8,4971750,1,4817911,49,63,4,Presencial,Masivo,Caribe,0,1,9,4,1
CLI00230,39,2,5975156,4,45869730,19,147,9,Presencial,Preferente,Andina,1,1,11,1,1
CLI00231,61,19,4265331,6,4858939,38,306,2,Digital,Masivo,Pacífica,0,1,10,4,1
CLI00232,22,16,9570297,5,39809029,36,161,5,Presencial,Masivo,Andina,1,1,2,4,0
CLI00233,32,9,10476766,6,31456964,7,141,4,Telefónico,Premium,Pacífica,0,1,1,3,0
CLI00234,49,2,4130723,3,1383640,30,334,3,Presencial,Masivo,Caribe,1,1,11,3,1
CLI00235,46,17,2365139,1,34068385,19,97,1,Telefónico,Masivo,Pacífica,1,1,5,1,0
CLI00236,44,17,11467246,6,6051865,49,221,6,Telefónico,Preferente,Andina,0,0,5,0,0
CLI00237,52,16,9043159,2,29404164,25,43,4,Telefónico,Preferente,Andina,1,1,0,1,0
CLI00238,51,2,6884935,1,6434323,16,292,3,Digital,Premium,Andina,1,1,6,0,0
CLI00239,63,2,4401717,3,21340869,47,108,7,App Móvil,Masivo,Andina,1,1,11,1,0
CLI00240,56,5,7785939,6,685503,54,266,8,Presencial,Premium,Orinoquía,0,0,3,2,0
CLI00241,28,12,8316525,5,42365681,40,95,8,Digital,Preferente,Andina,1,1,10,2,0
CLI00242,37,14,3711738,3,10311825,51,262,2,Digital,Masivo,Pacífica,1,1,11,0,1
CLI00243,47,8,7192796,2,17114499,8,313,2,Presencial,Masivo,Andina,1,0,2,3,1
CLI00244,23,3,10178376,6,26744056,18,71,4,App Móvil,Masivo,Caribe,1,1,7,0,0
CLI00245,22,13,8322567,4,49943053,28,219,4,Presencial,Masivo,Caribe,1,1,1,1,0
CLI00246,33,4,4139929,1,4777421,16,21,9,Telefónico,Preferente,Caribe,0,1,8,4,0
CLI00247,26,1,4633211,5,25557004,52,92,1,Digital,Preferente,Andina,0,0,7,2,1
CLI00248,58,10,8940449,4,22473606,19,127,0,Presencial,Masivo,Andina,0,1,7,4,1
CLI00249,53,8,3226199,6,49035647,42,80,7,App Móvil,Masivo,Pacífica,0,1,2,2,0
CLI00250,30,2,6571915,6,20476459,17,312,2,Telefónico,Masivo,Pacífica,1,1,3,1,0
CLI00251,62,8,1943945,3,29993846,45,238,0,Digital,Preferente,Caribe,1,1,1,2,0
CLI00252,56,2,8882003,6,14692370,13,182,0,Presencial,Masivo,Caribe,0,1,1,0,0
CLI00253,40,1,7810114,5,34132542,7,25,1,Digital,Preferente,Caribe,1,0,3,4,0
CLI00254,37,11,1521253,4,4218346,27,156,5,Presencial,Masivo,Andina,1,0,5,4,1
CLI00255,24,9,5103110,5,23741419,10,5,5,Telefónico,Preferente,Caribe,1,1,4,1,0
CLI00256,41,8,3776787,2,25061794,34,120,2,Telefónico,Premium,Caribe,1,0,0,4,0
CLI00257,45,14,9190840,2,32688546,36,277,3,Digital,Masivo,Orinoquía,1,1,9,1,1
CLI00258,54,7,8001553,1,46884754,25,18,1,App Móvil,Preferente,Pacífica,0,1,0,3,0
CLI00259,45,4,10838770,1,16270947,6,198,1,Presencial,Pyme,Caribe,0,1,5,0,1
CLI00260,32,10,2774634,2,40707746,24,57,6,Presencial,Masivo,Andina,0,0,2,2,0
CLI00261,29,1,4255063,6,11524217,18,93,0,Presencial,Preferente,Andina,1,1,2,2,0
CLI00262,57,14,2728807,5,23703983,23,19,6,Telefónico,Masivo,Pacífica,0,1,6,2,0
CLI00263,59,5,10011383,2,9324391,6,353,0,Presencial,Preferente,Andina,1,0,0,3,1
CLI00264,61,7,6663515,1,30717847,29,193,5,Presencial,Masivo,Caribe,0,0,0,0,0
CLI00265,41,4,9101748,2,10548540,25,237,2,Presencial,Pyme,Pacífica,1,1,9,4,1
CLI00266,56,15,5963158,6,2906492,55,277,7,Digital,Preferente,Andina,0,0,2,4,0
CLI00267,46,17,10303208,2,37088582,17,227,5,App Móvil,Premium,Caribe,0,1,7,0,0
CLI00268,56,5,7681422,5,22919530,46,233,1,Presencial,Preferente,Andina,0,0,0,0,0
CLI00269,46,4,3769070,4,39240753,24,40,7,Digital,Preferente,Andina,1,1,9,2,1
CLI00270,50,15,5913359,6,28412258,11,323,4,Telefónico,Masivo,Andina,0,1,3,4,0
CLI00271,39,12,11922509,1,47878943,26,153,7,App Móvil,Premium,Caribe,1,1,8,0,0
CLI00272,39,4,9140167,5,122019,51,127,7,App Móvil,Pyme,Andina,0,1,3,4,1
CLI00273,23,12,4331569,2,29731980,34,237,5,Presencial,Preferente,Caribe,0,1,9,0,0
CLI00274,56,16,8822153,2,1765317,28,55,1,Digital,Pyme,Pacífica,1,0,7,1,1
CLI00275,37,17,11337371,4,16956217,3,172,7,Presencial,Preferente,Caribe,0,1,6,2,0
CLI00276,62,7,4019507,1,28058751,11,109,5,Digital,Preferente,Caribe,1,1,2,0,0
CLI00277,57,12,2756715,1,8202637,38,354,5,App Móvil,Preferente,Pacífica,1,1,6,3,1
CLI00278,54,18,9968865,3,32676719,14,184,7,Digital,Masivo,Pacífica,0,1,6,0,0
CLI00279,25,2,3026534,1,19904238,51,198,0,Digital,Masivo,Pacífica,0,1,9,1,0
CLI00280,54,7,2324143,4,29014013,26,87,1,Presencial,Masivo,Andina,0,1,2,3,1
CLI00281,35,1,8846562,3,42536771,48,201,8,Presencial,Preferente,Caribe,1,1,1,3,0
CLI00282,42,7,5302986,3,40600359,21,337,7,Telefónico,Masivo,Pacífica,1,1,8,0,0
CLI00283,41,12,1871616,2,2416826,54,322,6,Presencial,Masivo,Pacífica,1,1,0,1,0
CLI00284,29,12,3460155,2,4290447,56,275,6,Digital,Pyme,Caribe,1,1,6,3,1
CLI00285,28,0,10663766,1,45806781,39,211,4,Digital,Masivo,Orinoquía,0,1,3,2,0
CLI00286,24,5,4210527,3,144771,30,118,1,Presencial,Preferente,Caribe,1,1,1,2,0
CLI00287,38,18,3268967,2,5749593,59,191,5,Digital,Masivo,Amazonía,1,1,1,4,0
CLI00288,54,15,10804991,4,11386719,8,42,9,Telefónico,Masivo,Orinoquía,1,1,7,4,0
CLI00289,33,7,9870043,2,18598124,51,42,2,Presencial,Premium,Pacífica,1,0,6,1,0
CLI00290,43,0,1779215,6,30020801,20,315,3,Telefónico,Preferente,Orinoquía,1,1,11,3,1
CLI00291,43,15,4343236,6,43660574,48,276,9,App Móvil,Premium,Pacífica,0,0,6,2,0
CLI00292,51,8,8879933,2,8499970,32,329,1,App Móvil,Masivo,Caribe,1,0,4,2,0
CLI00293,59,12,10161957,3,22311047,22,17,1,App Móvil,Preferente,Andina,1,1,9,1,1
CLI00294,59,10,7653973,3,10425111,59,283,7,Digital,Masivo,Caribe,0,1,7,3,1
CLI00295,29,12,7535218,5,21444808,7,258,7,Digital,Masivo,Andina,1,1,1,1,0
CLI00296,48,9,3460584,6,2362854,9,63,9,Digital,Masivo,Pacífica,0,1,1,0,0
CLI00297,48,3,7723754,4,7284268,45,62,5,App Móvil,Masivo,Andina,1,1,4,2,0
CLI00298,55,5,7085709,3,35963841,1,100,4,App Móvil,Masivo,Andina,1,0,0,1,0
CLI00299,42,6,11304815,1,48025351,29,19,7,App Móvil,Masivo,Andina,0,1,5,1,0
CLI00300,51,4,2078688,6,14342726,8,17,3,Digital,Pyme,Orinoquía,1,1,3,0,0
CLI00301,54,10,5726156,4,49341291,56,325,3,App Móvil,Masivo,Caribe,1,1,5,4,1
CLI00302,49,12,7255892,4,43682162,54,246,4,Presencial,Masivo,Andina,1,1,6,2,1
CLI00303,54,18,9483372,3,19828838,4,251,0,Digital,Masivo,Caribe,0,1,2,1,0
CLI00304,26,9,9627747,4,44729321,35,81,0,Presencial,Preferente,Pacífica,0,1,10,2,1
CLI00305,40,9,5727995,3,17552508,59,39,1,Digital,Masivo,Caribe,0,1,7,4,1
CLI00306,25,10,8837694,2,20704568,3,36,7,Presencial,Premium,Pacífica,0,1,6,1,1
CLI00307,56,6,10421334,6,19110863,54,197,6,Digital,Pyme,Caribe,1,1,0,0,0
CLI00308,38,17,5452255,5,10298825,45,158,9,Presencial,Masivo,Caribe,1,1,5,2,0
CLI00309,49,3,5317242,2,9989349,40,204,8,Telefónico,Preferente,Orinoquía,1,1,6,0,0
CLI00310,51,1,6490488,6,189073,7,196,4,App Móvil,Masivo,Caribe,1,1,10,4,0
CLI00311,50,13,1739968,3,23893188,27,216,1,Telefónico,Preferente,Andina,1,1,3,4,1
CLI00312,27,12,10177571,6,28273372,1,285,6,Presencial,Masivo,Caribe,1,1,1,2,0
CLI00313,56,11,4092536,3,32653734,27,196,7,App Móvil,Masivo,Andina,1,1,9,4,0
CLI00314,62,6,7004381,2,27504225,16,307,6,App Móvil,Masivo,Andina,1,1,8,3,1
CLI00315,58,1,2019165,1,12754301,38,152,6,Digital,Preferente,Andina,1,1,6,2,0
CLI00316,45,12,5914084,1,24959148,7,14,4,Presencial,Masivo,Caribe,0,1,0,3,0
CLI00317,50,13,4940866,6,7752342,44,325,1,Digital,Masivo,Andina,0,1,7,4,0
CLI00318,52,16,5378363,1,20636100,23,146,5,Digital,Preferente,Pacífica,1,0,2,2,0
CLI00319,56,8,2527557,3,34613597,41,57,3,Telefónico,Preferente,Pacífica,1,1,3,3,0
CLI00320,54,16,8935697,4,38854533,59,211,9,App Móvil,Premium,Andina,1,1,11,4,1
CLI00321,42,7,7398885,3,24373175,11,268,1,Digital,Masivo,Andina,1,1,4,1,0
CLI00322,53,1,9101723,4,3933817,42,210,8,App Móvil,Premium,Caribe,0,0,0,1,0
CLI00323,44,12,9446155,2,11894780,53,17,6,App Móvil,Preferente,Caribe,1,1,5,0,0
CLI00324,54,2,11884778,5,40487405,33,286,5,App Móvil,Masivo,Caribe,0,1,9,1,0
CLI00325,24,15,7188238,4,17353731,50,344,4,Digital,Preferente,Caribe,1,1,5,3,0
CLI00326,39,5,11094731,1,10751068,36,203,2,App Móvil,Masivo,Caribe,1,1,1,1,0
CLI00327,46,18,8203560,3,37841814,37,99,9,Digital,Pyme,Andina,0,1,10,2,0
CLI00328,63,6,11505204,2,2050053,41,279,9,Presencial,Masivo,Andina,1,1,9,2,0
CLI00329,52,9,3285559,1,5021983,59,209,3,Digital,Preferente,Orinoquía,1,1,5,2,1
CLI00330,24,8,10197057,2,1985681,17,129,2,Digital,Masivo,Caribe,0,1,7,1,1
CLI00331,61,1,2033634,5,2561913,35,335,7,Telefónico,Pyme,Andina,1,0,5,1,0
CLI00332,45,14,5432747,3,37622216,48,288,2,Presencial,Masivo,Pacífica,1,1,3,0,0
CLI00333,53,4,10078845,6,49792740,5,252,6,Digital,Pyme,Andina,1,1,3,4,0
CLI00334,43,3,9602873,3,47064265,48,265,6,Digital,Pyme,Caribe,0,1,8,0,0
CLI00335,44,19,10744655,5,45278419,32,271,6,Telefónico,Masivo,Caribe,0,1,5,3,1
CLI00336,23,3,6123636,3,40180087,3,188,6,Digital,Premium,Caribe,1,1,7,2,1
CLI00337,48,17,9056855,6,34443130,52,214,1,App Móvil,Pyme,Andina,0,1,7,1,0
CLI00338,63,3,6834233,4,27374402,47,283,9,Digital,Masivo,Pacífica,1,1,6,4,0
CLI00339,23,16,2906368,2,1559657,35,211,2,Digital,Masivo,Caribe,0,1,2,4,0
CLI00340,47,11,8341300,6,27397770,52,76,9,Presencial,Preferente,Caribe,1,1,9,1,0
CLI00341,38,16,10734082,1,41751338,14,148,8,Presencial,Masivo,Pacífica,1,1,0,0,0
CLI00342,61,9,7285267,5,41252240,48,321,2,Presencial,Masivo,Pacífica,0,1,4,4,1
CLI00343,54,0,2724744,4,39492703,31,213,1,Digital,Masivo,Andina,0,1,9,0,1
CLI00344,30,17,7470226,1,19457475,31,109,8,App Móvil,Masivo,Pacífica,1,1,9,1,1
CLI00345,64,17,6362894,1,41321256,17,129,9,Telefónico,Masivo,Andina,1,0,1,0,0
CLI00346,60,13,3631018,5,33334226,24,10,8,Digital,Masivo,Caribe,0,1,11,2,0
CLI00347,50,14,9710710,4,8830852,52,47,3,Presencial,Premium,Andina,1,1,9,1,0
CLI00348,63,11,4989429,1,34045431,23,315,8,App Móvil,Preferente,Andina,0,1,1,1,0
CLI00349,47,3,8388260,1,36743621,18,96,2,Digital,Masivo,Orinoquía,1,0,6,4,1
CLI00350,56,2,7978443,4,13200674,50,103,6,Digital,Preferente,Caribe,1,1,10,4,0
CLI00351,46,19,1794746,3,39755285,54,342,6,Telefónico,Preferente,Andina,0,0,2,4,1
CLI00352,45,11,7210754,1,31802560,14,146,7,Telefónico,Pyme,Andina,1,1,7,2,0
CLI00353,34,6,6932019,2,41177043,50,27,9,Presencial,Masivo,Andina,0,1,8,2,0
CLI00354,28,10,5852892,4,31148181,15,220,3,Digital,Masivo,Caribe,0,1,7,3,1
CLI00355,57,0,3202159,1,8796015,15,18,2,Digital,Pyme,Andina,0,0,5,1,1
CLI00356,41,5,5257985,5,42814198,6,167,2,Telefónico,Pyme,Pacífica,1,1,4,4,1
CLI00357,22,14,5302177,6,1303306,27,82,4,Digital,Preferente,Andina,1,0,2,1,0
CLI00358,29,14,11892034,2,5489612,15,72,0,Presencial,Premium,Andina,1,1,2,0,0
CLI00359,37,18,10012558,6,25586426,50,310,9,Presencial,Masivo,Caribe,0,1,6,2,0
CLI00360,35,10,2653224,6,43570690,36,254,2,Digital,Preferente,Caribe,0,1,4,3,0
CLI00361,33,1,4150235,1,41999675,55,162,5,App Móvil,Masivo,Andina,1,1,11,0,0
CLI00362,44,13,6240039,2,15599691,8,327,2,App Móvil,Masivo,Pacífica,0,1,5,1,1
CLI00363,36,1,11629142,2,13984342,15,38,4,Telefónico,Premium,Amazonía,1,1,5,2,0
CLI00364,49,3,9799350,3,28028173,3,201,8,Digital,Masivo,Andina,0,1,8,4,1
CLI00365,55,16,11193374,6,2343136,47,200,1,Digital,Preferente,Andina,1,0,0,0,0
CLI00366,23,2,3803554,2,39122449,13,255,1,Presencial,Pyme,Pacífica,0,1,7,2,1
CLI00367,53,12,5520120,3,47298672,41,179,5,Digital,Masivo,Andina,1,1,9,1,1
CLI00368,44,8,4446862,4,32717050,34,35,5,App Móvil,Pyme,Andina,0,0,4,1,0
CLI00369,43,6,4176517,3,4422888,24,82,7,Digital,Pyme,Caribe,0,0,5,0,0
CLI00370,46,14,5807086,5,45507400,40,220,1,Presencial,Preferente,Pacífica,0,1,5,0,0
CLI00371,43,10,8831006,1,39978774,32,158,8,Presencial,Masivo,Andina,0,1,0,0,0
CLI00372,43,19,10515828,4,13710025,32,4,1,Telefónico,Masivo,Pacífica,0,1,2,3,0
CLI00373,63,1,9829442,4,16862382,30,167,0,Digital,Masivo,Pacífica,1,1,11,4,1
CLI00374,27,14,7669912,5,44416046,52,204,9,Presencial,Masivo,Caribe,1,1,5,2,0
CLI00375,36,13,10331924,3,45922006,49,194,1,Digital,Masivo,Pacífica,1,1,10,1,1
CLI00376,64,19,5017741,1,47001629,13,235,6,App Móvil,Pyme,Pacífica,1,1,10,1,0
CLI00377,58,10,7668563,3,45807896,1,206,7,Digital,Masivo,Andina,1,1,8,4,1
CLI00378,54,2,4956653,2,17075099,34,150,4,App Móvil,Preferente,Caribe,1,1,5,0,0
CLI00379,29,16,6929219,3,23627745,15,159,5,App Móvil,Masivo,Caribe,1,1,11,0,0
CLI00380,26,11,1975595,4,12541175,44,279,0,Digital,Preferente,Andina,1,1,5,1,1
CLI00381,60,14,11354352,1,20410862,14,304,5,Telefónico,Pyme,Andina,1,1,0,4,0
CLI00382,25,15,3388806,3,31280152,57,166,7,Digital,Masivo,Andina,0,0,8,1,0
CLI00383,27,4,3648091,1,1443401,29,311,2,App Móvil,Masivo,Caribe,0,0,3,0,0
CLI00384,53,19,5461676,1,31523533,34,68,0,Presencial,Preferente,Orinoquía,1,1,1,2,1
CLI00385,51,5,3260462,2,23547369,18,88,3,Digital,Preferente,Caribe,0,1,0,0,0
CLI00386,56,18,11511762,2,25781240,54,217,0,Presencial,Preferente,Caribe,1,1,2,2,0
CLI00387,61,4,5558848,4,12479981,7,1,7,Digital,Masivo,Andina,1,1,2,3,0
CLI00388,37,2,2309178,5,10646841,29,135,4,App Móvil,Masivo,Andina,0,0,4,4,0
CLI00389,34,0,9432310,1,27898230,55,185,0,Digital,Pyme,Caribe,0,1,0,3,0
CLI00390,63,5,6277402,5,34740862,31,351,7,Telefónico,Pyme,Caribe,1,1,6,0,0
CLI00391,51,14,8434106,4,4155304,25,140,8,Presencial,Preferente,Caribe,1,1,0,4,0
CLI00392,40,1,8986327,1,23692312,38,106,9,App Móvil,Premium,Pacífica,0,1,3,0,0
CLI00393,38,2,4062605,1,23487821,14,133,1,Digital,Preferente,Pacífica,1,1,5,4,1
CLI00394,40,16,2221037,6,14495074,8,108,8,Presencial,Masivo,Andina,1,1,0,4,0
CLI00395,49,11,7007683,5,37363827,27,178,7,Presencial,Masivo,Pacífica,0,1,6,0,0
CLI00396,47,17,7917954,3,32204847,54,298,6,Telefónico,Masivo,Pacífica,0,1,9,0,0
CLI00397,58,14,2521469,2,29073121,2,358,2,Digital,Preferente,Caribe,1,1,6,4,1
CLI00398,47,11,8256350,3,2659786,17,359,1,Digital,Masivo,Amazonía,0,1,2,4,1
CLI00399,44,15,7279277,5,34715146,37,146,6,Digital,Masivo,Pacífica,1,1,3,0,0
CLI00400,30,7,4392371,2,8701524,14,74,4,Telefónico,Premium,Caribe,1,1,5,0,0
CLI00401,33,13,11700944,3,29301140,25,108,5,Digital,Preferente,Caribe,1,1,10,1,0
CLI00402,22,16,8470199,6,46177493,56,122,3,Presencial,Preferente,Caribe,1,1,6,1,1
CLI00403,22,7,1963001,2,25514668,30,17,1,Digital,Pyme,Caribe,1,1,3,1,0
CLI00404,55,14,7511493,1,33188742,29,196,8,App Móvil,Masivo,Pacífica,0,1,9,3,1
CLI00405,53,13,4322136,3,44923382,20,327,2,App Móvil,Preferente,Andina,0,1,10,4,1
CLI00406,46,17,2015693,2,38803007,21,318,6,Presencial,Premium,Pacífica,1,0,8,2,1
CLI00407,61,19,4136722,6,19708747,53,297,7,Presencial,Preferente,Pacífica,1,0,8,3,1
CLI00408,22,6,9318114,2,20101240,22,252,1,Digital,Masivo,Andina,0,1,8,4,1
CLI00409,37,2,1739017,2,21652433,35,119,5,Digital,Masivo,Pacífica,1,1,11,2,1
CLI00410,60,11,1914994,6,16095285,37,162,7,Digital,Premium,Caribe,0,1,9,1,0
CLI00411,26,2,2441768,3,45411322,16,198,6,Telefónico,Preferente,Andina,0,0,5,2,0
CLI00412,43,19,11728691,4,34968906,50,45,2,Presencial,Premium,Andina,0,1,1,0,0
CLI00413,50,13,7212044,3,49176816,58,314,0,App Móvil,Preferente,Caribe,1,1,1,0,0
CLI00414,24,14,9543846,5,41604850,49,179,5,Presencial,Preferente,Caribe,1,1,10,4,1
CLI00415,33,13,2576941,6,9750033,43,44,7,Telefónico,Premium,Orinoquía,0,1,3,3,0
CLI00416,47,6,1965982,3,22021977,17,271,5,Presencial,Preferente,Pacífica,0,0,8,1,0
CLI00417,37,16,4038568,2,39754383,16,78,4,Presencial,Masivo,Caribe,0,1,2,4,1
CLI00418,58,11,1773146,6,48544005,58,326,7,Digital,Preferente,Pacífica,1,1,5,1,0
CLI00419,43,19,6953174,1,1569720,55,178,1,Presencial,Premium,Pacífica,0,0,1,0,0
CLI00420,50,3,7624152,3,26293611,2,357,0,Presencial,Masivo,Andina,1,0,0,3,0
CLI00421,35,8,2664795,6,5181930,4,3,0,Telefónico,Masivo,Caribe,0,0,11,3,1
CLI00422,49,5,11277938,3,41050542,21,214,3,App Móvil,Masivo,Orinoquía,1,1,4,0,0
CLI00423,26,15,8630030,6,38689071,39,342,5,Digital,Pyme,Andina,0,1,7,2,0
CLI00424,51,1,4177747,2,43878697,34,74,8,Digital,Masivo,Caribe,1,1,9,3,0
CLI00425,26,7,3909381,1,43925579,30,51,0,Presencial,Preferente,Andina,0,0,9,2,1
CLI00426,33,10,8526492,1,20348603,6,67,0,Presencial,Masivo,Pacífica,0,1,1,1,0
CLI00427,37,12,9809411,5,30319948,17,332,4,Digital,Masivo,Caribe,1,1,9,3,1
CLI00428,47,16,8359216,6,15955843,39,93,9,Telefónico,Preferente,Caribe,1,1,8,0,0
CLI00429,47,7,4443295,3,21691366,25,176,4,App Móvil,Masivo,Caribe,1,0,11,2,0
CLI00430,42,17,4783616,1,26875637,5,145,4,App Móvil,Preferente,Amazonía,1,0,7,1,0
CLI00431,60,17,1577175,1,41292602,5,7,9,Digital,Premium,Caribe,1,1,2,1,0
CLI00432,57,13,3578808,4,17686426,20,269,5,App Móvil,Premium,Andina,1,0,0,3,0
CLI00433,54,14,2857453,4,27117850,16,322,7,Telefónico,Masivo,Orinoquía,0,1,3,3,0
CLI00434,51,5,4511786,1,15340110,51,4,2,Presencial,Premium,Caribe,1,1,7,4,1
CLI00435,58,10,1595028,6,25198590,41,138,8,Presencial,Preferente,Amazonía,1,1,2,4,0
CLI00436,44,12,3058242,5,6240327,37,231,0,App Móvil,Premium,Orinoquía,0,1,9,3,1
CLI00437,31,0,5819453,1,29915838,40,88,3,Presencial,Preferente,Orinoquía,1,1,11,4,1
CLI00438,26,5,6448008,2,12857261,9,17,8,Presencial,Preferente,Caribe,0,1,1,0,0
CLI00439,57,8,6945315,3,29839934,5,52,7,Presencial,Pyme,Andina,0,1,6,0,0
CLI00440,55,7,10052442,5,15883239,42,134,9,Presencial,Premium,Pacífica,1,1,3,4,0
CLI00441,52,10,3867555,2,18237451,57,211,8,Digital,Masivo,Amazonía,1,1,5,3,0
CLI00442,31,18,11118395,5,18235532,2,325,0,App Móvil,Masivo,Caribe,0,1,4,0,0
CLI00443,40,8,4512359,2,18204413,9,219,8,Telefónico,Masivo,Pacífica,0,1,1,1,0
CLI00444,53,16,11214177,3,30436906,43,205,2,Telefónico,Masivo,Andina,1,1,9,3,1
CLI00445,22,11,11305436,3,37683216,36,211,9,Digital,Masivo,Caribe,0,0,1,2,0
CLI00446,26,13,3914165,4,13022270,22,277,8,Telefónico,Masivo,Andina,1,1,8,2,1
CLI00447,25,14,8704776,6,23916796,22,24,0,Digital,Premium,Pacífica,1,1,10,3,1
CLI00448,37,15,4708823,2,21709264,22,4,0,Digital,Masivo,Andina,1,1,9,4,0
CLI00449,45,19,8957918,4,31478135,34,152,8,Presencial,Preferente,Andina,1,0,1,0,0
CLI00450,37,0,6551646,2,40322851,55,259,5,Presencial,Masivo,Amazonía,1,1,7,0,0
CLI00451,23,9,5125654,4,20638676,29,324,3,Presencial,Masivo,Andina,1,1,7,3,1
CLI00452,49,7,1785711,3,40657415,38,357,6,Digital,Masivo,Andina,1,0,0,1,0
CLI00453,53,17,6778172,5,36607812,59,168,4,Presencial,Masivo,Andina,1,1,0,4,0
CLI00454,48,0,11011997,4,6918863,46,176,9,Digital,Premium,Andina,1,1,3,1,0
CLI00455,41,1,8412880,2,24693539,33,310,6,App Móvil,Premium,Pacífica,1,1,1,3,0
CLI00456,45,0,2075919,2,15823477,18,291,7,Presencial,Masivo,Orinoquía,0,1,11,3,1
CLI00457,33,0,4831106,6,40068956,7,56,7,Telefónico,Preferente,Andina,0,0,0,1,0
CLI00458,56,8,10741354,3,6257838,1,108,0,Digital,Preferente,Pacífica,0,1,8,2,0
CLI00459,54,12,1922381,2,48590923,33,296,7,Digital,Premium,Caribe,0,1,2,3,1
CLI00460,54,0,2476433,1,26099300,1,324,5,App Móvil,Premium,Caribe,0,1,0,4,0
CLI00461,64,12,9722462,5,23192477,24,302,3,Digital,Preferente,Andina,1,1,1,1,0
CLI00462,58,19,6400164,4,34363791,4,334,7,Presencial,Preferente,Caribe,1,1,7,2,0
CLI00463,33,6,11409551,6,16635661,4,141,2,Telefónico,Premium,Caribe,1,1,4,1,0
CLI00464,24,1,7836356,5,10601417,18,155,3,Digital,Masivo,Andina,1,1,10,2,0
CLI00465,22,5,7179042,3,28116038,27,262,5,App Móvil,Masivo,Caribe,1,1,6,2,0
CLI00466,54,6,1901067,6,18978796,43,273,6,Presencial,Pyme,Caribe,1,1,5,4,0
CLI00467,61,13,8594176,4,48356531,59,232,3,Digital,Preferente,Andina,1,1,0,3,0
CLI00468,31,17,1960796,4,35048571,32,241,3,Digital,Preferente,Andina,0,1,5,2,0
CLI00469,64,14,9240616,1,39028092,33,355,6,Digital,Preferente,Orinoquía,1,1,10,3,0
CLI00470,50,1,7494376,3,19787044,28,337,5,App Móvil,Masivo,Andina,1,0,6,4,1
CLI00471,34,9,6789283,6,37706524,42,258,7,Telefónico,Preferente,Andina,0,1,3,3,0
CLI00472,33,11,7358338,6,26955970,41,249,0,Digital,Preferente,Orinoquía,1,1,7,0,0
CLI00473,52,16,6489904,2,69518,55,77,9,Digital,Masivo,Pacífica,1,1,7,2,0
CLI00474,23,7,10892609,1,16953571,36,180,6,Telefónico,Preferente,Caribe,0,1,6,4,0
CLI00475,56,10,1812023,1,27082158,6,66,6,Presencial,Premium,Caribe,1,0,10,1,0
CLI00476,44,2,7770016,6,25286067,16,308,6,Presencial,Masivo,Pacífica,0,1,1,4,0
CLI00477,38,5,8820583,6,21978898,34,348,6,Presencial,Preferente,Andina,0,0,5,2,0
CLI00478,47,8,9322636,5,40784489,23,171,9,Digital,Masivo,Pacífica,1,0,5,4,0
CLI00479,29,5,4677902,5,23464980,50,22,9,Telefónico,Preferente,Pacífica,1,1,11,1,0
CLI00480,50,8,2255111,5,36753471,42,107,7,App Móvil,Masivo,Andina,1,1,11,0,0
CLI00481,47,6,3820715,1,43640858,24,323,8,Digital,Preferente,Amazonía,1,1,6,2,0
CLI00482,31,8,3734805,2,19553590,56,227,8,Presencial,Premium,Andina,0,1,5,2,0
CLI00483,47,17,5804459,4,2318620,49,216,1,Presencial,Masivo,Caribe,1,1,1,4,0
CLI00484,55,11,3399054,5,37041811,13,69,6,Presencial,Pyme,Pacífica,1,1,7,3,0
CLI00485,62,7,4957550,2,10949445,56,84,6,Digital,Pyme,Caribe,1,1,3,3,0
CLI00486,28,7,3050184,3,12063550,18,103,3,App Móvil,Masivo,Pacífica,0,1,8,1,0
CLI00487,25,17,5674482,5,7300259,54,39,8,Presencial,Masivo,Amazonía,1,1,7,0,0
CLI00488,32,19,9653113,4,6295425,13,13,7,Presencial,Pyme,Pacífica,1,1,2,0,0
CLI00489,50,14,4773523,3,9472917,49,297,0,Digital,Pyme,Andina,1,1,2,4,1
CLI00490,57,6,9977276,3,2429151,37,313,1,Digital,Masivo,Andina,1,1,7,4,1
CLI00491,46,10,8461383,4,33596175,43,181,1,Digital,Masivo,Andina,0,0,1,3,1
CLI00492,42,19,11813522,5,42113988,39,268,7,Telefónico,Masivo,Andina,1,1,8,0,0
CLI00493,57,15,9460339,1,14700387,42,13,0,Digital,Pyme,Andina,1,0,3,0,0
CLI00494,31,3,4270742,4,28834845,17,120,3,Telefónico,Masivo,Pacífica,0,0,5,0,0
CLI00495,58,5,4270374,4,5521452,15,353,9,Presencial,Preferente,Pacífica,1,0,2,1,0
CLI00496,30,2,8796405,4,40404754,18,57,4,Presencial,Premium,Caribe,1,1,2,1,0
CLI00497,45,8,8346539,3,41505238,23,40,8,Presencial,Masivo,Andina,1,1,2,4,0
CLI00498,56,9,10159522,2,25667617,54,336,6,Presencial,Preferente,Pacífica,1,1,10,3,1
CLI00499,56,13,5609803,1,25492108,51,128,7,Digital,Masivo,Andina,0,1,9,2,0
CLI00500,57,10,7136289,5,3777341,30,173,8,Digital,Premium,Andina,1,0,11,3,0
CLI00501,39,17,10251063,5,31278965,58,35,6,Telefónico,Masivo,Pacífica,1,1,11,1,0
CLI00502,60,11,2534586,2,42211548,34,259,4,Telefónico,Preferente,Pacífica,0,1,1,1,1
CLI00503,53,11,7540502,4,4585315,58,5,4,Digital,Preferente,Andina,0,1,7,4,1
CLI00504,45,12,11635296,1,47614485,4,218,9,Presencial,Masivo,Orinoquía,0,1,8,2,0
CLI00505,44,12,7047094,5,39453363,3,11,5,Digital,Masivo,Caribe,1,0,7,0,0
CLI00506,53,18,4600581,6,21753779,7,327,4,Digital,Masivo,Amazonía,1,1,9,2,0
CLI00507,58,18,4161637,5,1770403,56,117,8,Digital,Masivo,Caribe,1,1,2,2,0
CLI00508,33,13,5172277,4,48291558,18,184,2,App Móvil,Premium,Caribe,1,1,6,2,1
CLI00509,34,3,3584504,6,7568370,42,362,2,Digital,Premium,Orinoquía,1,1,10,4,1
CLI00510,44,12,4521372,2,21706642,7,116,6,Digital,Preferente,Caribe,0,1,9,1,0
CLI00511,46,7,6354042,1,32126501,40,162,6,Digital,Preferente,Pacífica,1,1,1,0,1
CLI00512,56,18,3971378,2,26442309,6,67,5,Digital,Preferente,Pacífica,1,1,3,2,1
CLI00513,62,11,5330121,2,506995,22,200,2,Telefónico,Premium,Orinoquía,1,0,11,0,1
CLI00514,51,17,6853912,1,2185454,58,31,6,Digital,Masivo,Amazonía,1,0,5,2,0
CLI00515,38,5,2853324,1,39816526,1,75,4,Digital,Masivo,Caribe,1,1,10,1,1
CLI00516,41,17,8253008,5,2072723,4,237,6,Telefónico,Masivo,Pacífica,1,1,4,0,0
CLI00517,46,18,7624386,5,5227528,46,327,1,Digital,Preferente,Caribe,0,0,8,3,1
CLI00518,43,4,4872455,1,27346769,49,66,5,Telefónico,Masivo,Andina,1,0,9,1,1
CLI00519,34,8,5768173,6,287635,52,70,7,Presencial,Masivo,Pacífica,0,0,3,0,0
CLI00520,40,2,7534722,3,583510,50,297,0,Digital,Masivo,Andina,0,0,4,2,1
CLI00521,57,9,10758415,5,15358589,43,20,3,Telefónico,Preferente,Andina,1,1,3,2,0
CLI00522,33,18,8510131,3,16760394,29,226,0,Digital,Masivo,Andina,0,1,7,1,1
CLI00523,62,2,5896720,6,4722340,21,199,0,Presencial,Masivo,Andina,0,1,7,1,1
CLI00524,40,14,5570028,1,16744725,26,39,9,Presencial,Masivo,Amazonía,0,1,2,2,0
CLI00525,33,0,9451036,6,15845187,14,145,7,Digital,Masivo,Caribe,1,1,0,0,0
CLI00526,30,6,8369989,5,21556188,9,45,6,Telefónico,Preferente,Andina,1,1,5,3,0
CLI00527,28,11,2869277,2,23113003,59,326,9,App Móvil,Masivo,Orinoquía,1,1,1,4,0
CLI00528,49,16,7022567,1,13334305,47,91,0,App Móvil,Masivo,Andina,0,1,1,1,1
CLI00529,35,19,8222090,4,35247913,12,238,1,Telefónico,Preferente,Caribe,1,1,2,2,1
CLI00530,52,4,2249971,3,30186120,42,70,3,Presencial,Masivo,Andina,1,1,7,0,0
CLI00531,40,3,9722502,6,19838558,51,166,0,Digital,Masivo,Andina,0,1,2,1,0
CLI00532,37,11,9249972,1,17377414,56,130,2,Digital,Premium,Caribe,1,1,6,0,0
CLI00533,26,19,5960276,6,33952323,51,214,7,Presencial,Masivo,Pacífica,1,1,9,1,0
CLI00534,56,17,8956688,1,36635794,6,340,7,Presencial,Masivo,Andina,0,1,9,2,1
CLI00535,33,16,5575837,5,34595998,20,89,7,App Móvil,Masivo,Orinoquía,1,1,8,0,0
CLI00536,46,18,11230665,5,13627775,24,335,5,Presencial,Preferente,Pacífica,1,0,7,2,1
CLI00537,42,8,3733706,5,30418772,27,252,5,Presencial,Preferente,Pacífica,0,1,0,0,0
CLI00538,57,3,7594645,6,28890300,38,349,4,Presencial,Preferente,Caribe,0,1,6,1,0
CLI00539,44,1,10374365,4,35173714,8,72,8,App Móvil,Preferente,Andina,0,0,6,4,0
CLI00540,37,3,3554376,5,3434078,1,165,3,Telefónico,Masivo,Caribe,0,1,7,4,1
CLI00541,60,1,2685111,1,10223903,54,49,9,Telefónico,Masivo,Orinoquía,1,1,9,3,0
CLI00542,63,14,6461828,5,43013953,49,52,6,Digital,Premium,Caribe,1,0,4,3,0
CLI00543,60,1,9232752,2,21219187,49,289,0,App Móvil,Pyme,Caribe,0,1,9,2,1
CLI00544,35,3,3892919,5,38405257,24,278,8,Digital,Masivo,Andina,1,0,8,0,0
CLI00545,52,5,3000948,6,24100993,47,114,6,App Móvil,Preferente,Caribe,0,1,8,3,1
CLI00546,26,6,7827090,4,40360129,7,239,9,Presencial,Masivo,Caribe,0,1,7,1,0
CLI00547,56,9,5607834,2,9275707,19,133,8,Presencial,Masivo,Andina,0,1,5,4,0
CLI00548,44,18,3908630,6,39149527,22,274,6,Presencial,Masivo,Caribe,1,1,5,0,0
CLI00549,50,18,11483526,6,7438096,57,166,1,Telefónico,Masivo,Caribe,1,1,0,4,0
CLI00550,64,11,7337196,6,3053407,55,293,5,Digital,Preferente,Andina,0,1,5,0,0
CLI00551,32,2,9595213,1,29311119,35,243,9,App Móvil,Preferente,Pacífica,0,1,3,3,0
CLI00552,39,12,4202994,6,18194447,30,320,3,Presencial,Masivo,Andina,1,1,3,3,1
CLI00553,33,17,7419626,1,33962406,29,138,2,Digital,Masivo,Andina,1,1,1,2,0
CLI00554,30,7,7057805,6,33276830,22,79,1,Digital,Premium,Andina,0,1,10,0,0
CLI00555,31,14,6402444,3,6818922,11,170,5,Presencial,Masivo,Andina,0,1,3,1,0
CLI00556,38,0,1692512,2,46270592,20,123,7,Presencial,Preferente,Orinoquía,1,1,4,3,0
CLI00557,59,2,5214379,3,17929098,29,176,5,Presencial,Masivo,Caribe,1,1,11,2,0
CLI00558,28,7,7345447,6,40010614,51,300,8,Telefónico,Preferente,Pacífica,0,1,4,3,0
CLI00559,34,3,3049420,2,24895828,41,82,4,Presencial,Masivo,Orinoquía,1,1,4,4,1
CLI00560,61,15,11964523,2,40553798,42,87,1,App Móvil,Masivo,Pacífica,1,1,3,3,1
CLI00561,63,9,4845647,4,2471321,34,225,7,Presencial,Masivo,Caribe,1,0,0,0,0
CLI00562,30,11,9812934,3,34254702,1,16,8,App Móvil,Masivo,Caribe,1,0,9,2,0
CLI00563,48,13,5400379,4,25256241,31,310,9,Digital,Masivo,Pacífica,1,1,7,0,0
CLI00564,23,13,5304409,2,15393675,30,358,3,Presencial,Preferente,Caribe,1,1,2,1,0
CLI00565,26,1,8222055,1,38177374,48,163,5,Digital,Masivo,Pacífica,0,1,1,1,0
CLI00566,50,4,10535949,2,9449168,18,98,9,Presencial,Masivo,Pacífica,0,1,8,3,0
CLI00567,58,4,3020982,4,33746890,55,156,7,App Móvil,Preferente,Pacífica,1,1,6,2,0
CLI00568,59,5,7781646,3,32589147,58,2,8,Digital,Preferente,Caribe,0,1,8,2,0
CLI00569,40,12,5498422,6,32250847,17,350,4,Digital,Pyme,Pacífica,1,1,1,2,0
CLI00570,29,8,7926288,6,49254958,38,169,5,App Móvil,Preferente,Pacífica,1,1,8,2,0
CLI00571,22,14,11090446,3,30896091,14,315,3,Digital,Preferente,Pacífica,1,0,9,3,1
CLI00572,43,13,3664563,6,43866822,23,325,4,Telefónico,Preferente,Caribe,1,1,8,0,0
CLI00573,38,6,6681377,6,12998017,25,92,6,Presencial,Pyme,Caribe,0,1,10,3,0
CLI00574,28,19,6781091,4,37451369,15,181,8,App Móvil,Premium,Andina,1,1,8,0,0
CLI00575,46,1,5908285,3,26574615,46,231,9,Digital,Masivo,Caribe,1,1,9,4,1
CLI00576,25,6,9512369,5,49987331,56,301,5,Digital,Masivo,Andina,0,1,9,4,1
CLI00577,57,5,11984196,1,39052395,22,148,5,Presencial,Masivo,Orinoquía,1,1,3,0,0
CLI00578,27,16,5704955,1,4102553,3,280,7,App Móvil,Preferente,Andina,0,1,9,3,0
CLI00579,52,1,6559667,6,28266442,56,189,3,Presencial,Preferente,Pacífica,1,1,2,1,0
CLI00580,40,2,9590736,1,44674343,55,347,2,Digital,Preferente,Caribe,1,1,5,3,1
CLI00581,60,4,4485696,3,8434858,19,350,6,Telefónico,Masivo,Caribe,0,0,2,1,0
CLI00582,48,4,9643179,3,45948234,57,314,4,App Móvil,Preferente,Caribe,1,1,10,3,1
CLI00583,31,0,10326233,2,13474284,44,128,1,App Móvil,Premium,Andina,1,1,8,2,1
CLI00584,47,7,4801106,2,43293890,34,7,1,App Móvil,Masivo,Orinoquía,0,1,2,2,1
CLI00585,40,11,2872070,1,47890626,35,47,5,Digital,Preferente,Caribe,0,1,1,4,1
CLI00586,60,3,4093726,5,19794409,50,53,7,Digital,Masivo,Andina,1,1,7,4,1
CLI00587,24,12,8221308,2,2112368,1,187,0,Telefónico,Premium,Andina,1,1,5,0,0
CLI00588,34,14,9741353,2,27609269,52,38,5,App Móvil,Premium,Orinoquía,1,1,7,1,0
CLI00589,49,10,7170706,3,40373185,21,226,1,Digital,Preferente,Caribe,1,1,6,2,1
CLI00590,41,9,5950252,5,876336,29,53,1,Digital,Preferente,Caribe,1,0,2,3,0
CLI00591,49,2,11458665,6,45773455,6,224,6,Telefónico,Premium,Caribe,1,0,7,0,0
CLI00592,29,13,10749677,1,23213953,37,154,9,Digital,Preferente,Andina,1,1,9,3,1
CLI00593,62,15,10745234,2,5782197,1,48,0,Presencial,Masivo,Caribe,1,1,0,2,0
CLI00594,60,9,9994630,5,30869533,51,351,5,Presencial,Premium,Orinoquía,0,1,0,2,0
CLI00595,22,9,7155635,5,13317715,1,147,6,Presencial,Masivo,Andina,0,0,9,2,0
CLI00596,24,11,6475045,1,44228261,27,64,7,Telefónico,Masivo,Andina,1,1,7,2,0
CLI00597,34,8,1970529,5,11898651,21,349,6,Presencial,Premium,Andina,0,1,8,3,1
CLI00598,49,0,1661445,5,12697368,53,182,5,Telefónico,Preferente,Caribe,1,1,9,0,0
CLI00599,46,4,5334242,5,11859039,16,125,8,Presencial,Masivo,Andina,1,1,5,2,0
CLI00600,54,19,7994503,2,32308604,44,179,2,Presencial,Masivo,Amazonía,0,0,4,4,1
CLI00601,59,7,2184029,1,46994185,59,39,5,Telefónico,Masivo,Pacífica,1,1,1,0,0
CLI00602,27,10,6837355,5,20849083,54,260,3,Digital,Masivo,Orinoquía,1,0,10,4,0
CLI00603,53,11,10398978,5,23888169,40,3,1,Digital,Masivo,Pacífica,1,1,8,3,0
CLI00604,42,0,8481440,2,48617184,26,64,0,Digital,Preferente,Caribe,0,1,5,2,1
CLI00605,37,19,11640982,1,1418060,16,29,0,Digital,Masivo,Caribe,0,1,7,0,1
CLI00606,42,10,5499694,3,21005303,28,11,9,Presencial,Preferente,Caribe,1,1,8,2,1
CLI00607,32,4,4808505,2,49866101,1,97,2,App Móvil,Masivo,Andina,1,1,8,2,1
CLI00608,58,14,9701428,1,4639022,36,358,3,Telefónico,Pyme,Caribe,0,0,7,0,0
CLI00609,57,4,1708944,5,42091765,10,203,1,Telefónico,Masivo,Andina,0,0,11,2,0
CLI00610,56,11,6686686,1,25657039,43,21,0,Presencial,Masivo,Pacífica,1,1,9,2,0
CLI00611,40,4,9076472,1,39552236,17,39,3,Presencial,Masivo,Orinoquía,1,1,7,1,0
CLI00612,41,16,2861303,6,24465875,57,223,6,Presencial,Preferente,Pacífica,1,0,2,1,0
CLI00613,39,16,5701765,1,17462554,59,102,9,Digital,Preferente,Orinoquía,1,1,2,0,0
CLI00614,62,11,9464443,3,49724575,23,46,5,Digital,Masivo,Caribe,1,1,1,0,0
CLI00615,35,14,4394100,1,41997785,7,66,5,Presencial,Masivo,Caribe,0,1,0,2,0
CLI00616,36,14,6166805,3,1683032,44,91,8,App Móvil,Masivo,Pacífica,1,1,3,4,0
CLI00617,52,5,2697162,5,29998401,53,164,1,Digital,Preferente,Caribe,0,1,1,0,0
CLI00618,22,11,2546161,3,22009867,7,111,3,Digital,Preferente,Caribe,1,1,1,2,0
CLI00619,24,19,8174851,5,16520615,44,338,4,Telefónico,Masivo,Andina,1,0,10,4,1
CLI00620,37,17,6188482,5,5954632,15,123,0,Digital,Masivo,Caribe,0,1,10,1,1
CLI00621,44,13,9848022,3,14919519,34,193,7,App Móvil,Masivo,Andina,1,0,4,0,0
CLI00622,32,1,8483604,2,42445304,46,99,7,Telefónico,Masivo,Andina,1,0,3,2,0
CLI00623,33,8,11668293,4,36900577,45,291,5,App Móvil,Preferente,Andina,0,1,0,1,0
CLI00624,31,4,3397501,1,27381819,4,159,4,Presencial,Masivo,Pacífica,1,1,8,3,1
CLI00625,53,19,6254619,6,19427648,14,103,7,Telefónico,Masivo,Andina,0,1,3,1,0
CLI00626,37,0,7965377,4,4175282,14,281,2,Presencial,Masivo,Caribe,1,1,4,2,0
CLI00627,29,2,7629439,1,5455483,16,43,2,Telefónico,Pyme,Caribe,1,1,6,4,1
CLI00628,59,5,10561826,1,23641763,7,84,1,Presencial,Premium,Andina,0,1,1,3,1
CLI00629,33,4,5385250,5,11906455,32,191,4,Digital,Masivo,Pacífica,1,1,7,3,1
CLI00630,45,4,10491899,1,35321845,19,51,2,Presencial,Masivo,Pacífica,0,1,10,3,1
CLI00631,49,0,6402059,6,36128129,2,210,2,Presencial,Masivo,Pacífica,1,0,1,0,0
CLI00632,29,16,8107912,1,32532126,10,126,5,App Móvil,Preferente,Caribe,1,1,10,2,0
CLI00633,49,18,7073694,3,37155384,50,69,7,Telefónico,Masivo,Andina,0,1,9,3,1
CLI00634,57,13,6728566,4,31177921,17,265,1,Telefónico,Preferente,Andina,0,1,4,1,0
CLI00635,47,11,2219407,3,15211804,37,258,3,Digital,Preferente,Andina,1,1,11,4,1
CLI00636,29,9,4038143,6,39100942,12,188,6,Telefónico,Premium,Andina,1,0,1,2,0
CLI00637,49,19,1837913,1,41450835,6,230,0,Presencial,Masivo,Andina,0,1,1,1,0
CLI00638,49,17,1828821,6,6097020,22,189,0,App Móvil,Premium,Andina,1,0,3,0,0
CLI00639,58,10,11589851,5,38908774,32,10,9,App Móvil,Premium,Pacífica,0,1,3,3,0
CLI00640,62,1,5387008,3,1196311,41,114,6,Digital,Masivo,Caribe,0,1,7,1,0
CLI00641,57,17,11700983,3,14510996,20,76,6,App Móvil,Masivo,Pacífica,1,1,5,2,0
CLI00642,48,6,8225275,2,29609865,1,164,0,Digital,Masivo,Caribe,0,1,9,1,1
CLI00643,38,14,5115652,1,30760593,54,85,0,Presencial,Masivo,Caribe,1,0,7,0,1
CLI00644,30,10,6693734,5,10675927,47,49,3,Presencial,Masivo,Amazonía,1,1,6,4,0
CLI00645,54,17,9957411,3,14308001,53,326,4,Digital,Preferente,Amazonía,1,1,9,3,1
CLI00646,41,11,9272580,3,47322239,58,177,4,Telefónico,Masivo,Caribe,1,1,3,2,0
CLI00647,34,5,2307744,5,15608121,6,218,3,Digital,Pyme,Andina,1,1,1,3,0
CLI00648,49,19,10637344,6,1462603,19,189,7,Digital,Masivo,Caribe,1,1,8,3,0
CLI00649,50,12,7220622,6,43218069,18,346,6,Presencial,Pyme,Andina,1,0,1,3,0
CLI00650,34,19,10588147,1,11409399,6,230,8,Telefónico,Masivo,Pacífica,1,1,0,1,0
CLI00651,56,15,10134012,2,33691077,45,255,6,App Móvil,Premium,Amazonía,1,1,7,1,0
CLI00652,27,17,8433705,3,49795107,33,236,9,Telefónico,Masivo,Andina,0,1,9,4,1
CLI00653,39,9,7045403,2,30402220,23,26,0,Telefónico,Masivo,Andina,1,1,8,0,0
CLI00654,26,7,1517297,6,34741269,23,72,6,Presencial,Premium,Andina,1,1,0,2,0
CLI00655,46,17,2288443,6,42285261,26,261,0,Digital,Masivo,Andina,1,1,6,1,1
CLI00656,23,0,4765962,4,15116926,13,254,6,Digital,Preferente,Orinoquía,1,1,1,3,0
CLI00657,31,7,7510334,1,44378959,7,271,9,Presencial,Preferente,Orinoquía,1,1,5,0,0
CLI00658,51,5,11115754,4,43122620,15,123,7,Telefónico,Preferente,Andina,1,1,10,2,1
CLI00659,26,4,7252613,4,41399651,44,144,8,Presencial,Preferente,Andina,0,1,4,2,1
CLI00660,54,14,2833572,4,46992088,27,257,2,Telefónico,Preferente,Caribe,1,1,0,2,0
CLI00661,22,14,7137025,1,47293535,26,144,3,Presencial,Masivo,Caribe,0,1,1,2,0
CLI00662,39,1,9572879,1,19267488,33,259,3,Digital,Preferente,Pacífica,1,1,1,4,1
CLI00663,53,0,10504471,5,40397740,15,47,8,Digital,Premium,Andina,1,1,9,2,0
CLI00664,32,10,6201669,2,33321123,36,351,6,App Móvil,Masivo,Andina,0,1,9,0,1
CLI00665,42,9,5265056,2,21950611,45,13,2,Telefónico,Masivo,Andina,0,1,5,1,0
CLI00666,47,17,4825315,5,36183569,55,208,9,App Móvil,Preferente,Pacífica,1,1,10,0,0
CLI00667,46,17,6717092,5,13187365,27,311,4,Digital,Masivo,Caribe,0,1,11,3,1
CLI00668,43,16,9764605,6,15614614,57,235,6,App Móvil,Masivo,Orinoquía,0,1,0,4,0
CLI00669,48,7,2328791,4,4776415,5,149,7,Digital,Masivo,Orinoquía,1,1,10,4,1
CLI00670,34,14,5320887,5,27205484,2,322,0,Digital,Preferente,Orinoquía,0,0,3,3,1
CLI00671,54,7,8152346,3,27185274,55,155,1,App Móvil,Masivo,Andina,1,1,11,0,0
CLI00672,55,16,4346274,2,15213967,58,166,6,Digital,Preferente,Caribe,1,1,9,0,1
CLI00673,62,11,7488099,5,10359748,33,90,1,Telefónico,Premium,Andina,0,1,10,3,1
CLI00674,56,7,8569337,3,23985603,16,186,6,Digital,Masivo,Andina,0,1,4,2,0
CLI00675,22,13,9371917,3,37416039,23,318,8,Presencial,Preferente,Caribe,1,1,1,2,0
CLI00676,42,3,6946079,3,11917042,38,358,1,App Móvil,Pyme,Andina,1,1,1,1,0
CLI00677,27,0,1876794,6,20901606,55,174,6,Digital,Preferente,Andina,1,1,6,0,0
CLI00678,49,0,5378450,6,2656222,16,217,3,Telefónico,Premium,Orinoquía,1,0,6,0,0
CLI00679,38,18,4533349,3,48189133,14,264,1,Digital,Masivo,Caribe,1,0,5,3,0
CLI00680,26,15,11410074,6,43070149,29,97,6,Telefónico,Premium,Andina,0,1,0,3,0
CLI00681,52,13,7907054,4,47375247,26,117,4,Digital,Masivo,Pacífica,0,1,11,2,1
CLI00682,26,15,2282877,3,37821420,35,199,0,Digital,Masivo,Pacífica,0,1,11,0,1
CLI00683,59,4,6402825,4,39247446,15,320,4,Digital,Masivo,Orinoquía,0,1,2,0,0
CLI00684,24,8,8568132,4,41675917,3,21,2,Digital,Masivo,Pacífica,1,1,8,4,1
CLI00685,44,1,7799492,3,10176828,23,200,6,App Móvil,Premium,Orinoquía,1,1,9,1,0
CLI00686,58,17,7298946,2,5459501,29,341,5,Presencial,Masivo,Andina,0,1,0,1,0
CLI00687,58,5,8736694,3,41129759,34,248,7,Digital,Preferente,Andina,1,0,1,2,0
CLI00688,31,8,7428643,3,4013582,33,276,4,Presencial,Preferente,Caribe,0,0,7,0,0
CLI00689,31,0,11861032,6,2872875,41,264,1,Digital,Preferente,Caribe,1,0,6,4,1
CLI00690,40,8,11224700,3,10218896,41,58,8,Telefónico,Masivo,Caribe,1,1,8,0,0
CLI00691,38,15,7549850,2,14574248,23,302,7,App Móvil,Preferente,Caribe,1,1,9,3,1
CLI00692,42,12,2350350,6,32404789,7,31,5,Presencial,Masivo,Caribe,1,1,11,2,0
CLI00693,35,8,10056255,1,39354977,3,249,9,App Móvil,Masivo,Caribe,0,1,11,1,0
CLI00694,30,12,3833679,1,24747780,58,93,6,Presencial,Pyme,Caribe,1,1,3,0,0
CLI00695,22,8,1935477,4,41592940,32,265,8,Digital,Masivo,Orinoquía,1,0,3,2,0
CLI00696,34,10,11572131,4,15634202,31,271,6,Telefónico,Masivo,Caribe,1,1,6,1,0
CLI00697,25,3,9236484,2,48972147,18,94,2,Presencial,Premium,Pacífica,1,1,0,0,0
CLI00698,22,1,7151944,5,18373462,43,154,5,Telefónico,Masivo,Caribe,1,1,9,4,1
CLI00699,61,5,5827308,1,43762279,7,285,6,App Móvil,Preferente,Orinoquía,1,1,11,2,1
CLI00700,53,13,3081420,4,30071551,41,80,1,Presencial,Masivo,Orinoquía,1,1,8,0,0
CLI00701,55,3,2286261,1,8194253,1,292,2,App Móvil,Masivo,Pacífica,0,1,1,1,0
CLI00702,49,5,4994708,2,37983054,14,84,3,Telefónico,Masivo,Pacífica,1,1,0,1,0
CLI00703,52,18,8452314,2,2469930,52,37,9,Presencial,Masivo,Caribe,1,1,6,4,1
CLI00704,29,5,4579042,5,131936,32,342,5,Telefónico,Masivo,Amazonía,1,0,5,2,0
CLI00705,60,1,8165769,5,38706462,6,327,0,Digital,Preferente,Orinoquía,0,1,11,2,1
CLI00706,47,17,8038655,6,43922786,39,232,8,App Móvil,Preferente,Orinoquía,1,1,2,0,0
CLI00707,55,12,10014668,2,32133595,10,93,4,Telefónico,Pyme,Pacífica,0,1,0,1,0
CLI00708,24,8,7468633,4,19247186,7,336,6,Digital,Masivo,Andina,1,1,11,1,0
CLI00709,33,18,8398046,1,32609389,26,102,8,Digital,Preferente,Orinoquía,1,1,4,4,1
CLI00710,22,12,4577099,3,38866902,34,166,8,Telefónico,Preferente,Caribe,1,1,9,4,1
CLI00711,26,10,4344180,5,11924255,30,159,0,Digital,Pyme,Andina,1,0,3,2,0
CLI00712,51,0,8258699,3,31785895,36,14,0,Digital,Masivo,Caribe,0,1,4,1,0
CLI00713,51,6,9483939,4,16232332,21,225,2,Presencial,Preferente,Orinoquía,0,1,0,0,0
CLI00714,38,14,6566112,5,19355898,17,73,5,Digital,Premium,Caribe,1,1,0,3,0
CLI00715,44,0,11561403,3,47701715,33,249,1,Presencial,Masivo,Caribe,0,1,4,0,0
CLI00716,36,11,5593886,4,13936930,10,91,9,Digital,Premium,Andina,1,1,5,4,1
CLI00717,58,6,10450668,1,35059332,51,216,0,Digital,Masivo,Pacífica,0,0,4,0,0
CLI00718,42,14,6801358,4,26787612,47,90,0,Telefónico,Preferente,Andina,1,0,1,1,0
CLI00719,35,18,3006145,6,29770053,42,29,4,Presencial,Pyme,Caribe,1,1,8,2,0
CLI00720,23,0,4148202,5,8580504,51,305,3,Digital,Preferente,Caribe,0,1,4,3,0
CLI00721,32,16,2692931,2,38837854,12,220,0,Digital,Masivo,Pacífica,0,1,10,2,1
CLI00722,60,16,6389084,1,21384981,56,328,3,Presencial,Masivo,Amazonía,1,1,10,3,0
CLI00723,59,2,8633456,3,43026369,16,215,2,Digital,Pyme,Pacífica,1,1,4,3,1
CLI00724,55,11,2371522,5,19157828,41,221,1,Digital,Preferente,Andina,1,1,9,1,0
CLI00725,59,5,7549531,2,29969114,32,42,8,Digital,Masivo,Orinoquía,1,0,8,1,0
CLI00726,55,10,11430855,4,25443928,15,135,0,App Móvil,Preferente,Andina,1,1,2,4,1
CLI00727,39,2,8390709,2,5219574,27,42,6,Telefónico,Preferente,Andina,0,1,4,4,1
CLI00728,51,7,3681906,5,48521856,28,164,3,Telefónico,Masivo,Andina,1,0,11,3,1
CLI00729,36,13,10490884,5,10387155,17,361,4,Telefónico,Masivo,Andina,0,1,4,4,1
CLI00730,48,13,3000134,6,12433238,46,283,9,Telefónico,Masivo,Pacífica,0,1,1,1,0
CLI00731,55,9,4104884,6,12513887,59,58,4,Presencial,Preferente,Andina,1,1,10,4,0
CLI00732,59,1,3205243,2,21569098,50,302,0,Telefónico,Preferente,Andina,0,1,3,3,1
CLI00733,54,13,5774692,4,6862758,58,322,5,Digital,Preferente,Caribe,0,0,10,2,0
CLI00734,45,8,1739779,2,12718062,2,25,8,Telefónico,Premium,Caribe,0,1,10,0,0
CLI00735,36,2,4475605,5,34550325,36,73,1,Telefónico,Premium,Andina,1,1,1,4,0
CLI00736,51,7,6599154,5,28362071,50,129,6,Presencial,Preferente,Caribe,1,1,4,1,0
CLI00737,63,15,7789249,3,2670492,7,87,5,Presencial,Masivo,Caribe,1,1,9,2,0
CLI00738,38,1,9652885,6,40908853,13,330,4,Digital,Preferente,Pacífica,1,1,11,1,1
CLI00739,26,5,10676748,3,14223887,15,153,3,Telefónico,Masivo,Pacífica,1,1,1,4,1
CLI00740,50,11,7664014,1,48077410,25,182,3,Telefónico,Preferente,Pacífica,0,0,9,3,1
CLI00741,25,4,8999412,5,2977299,23,125,5,App Móvil,Preferente,Andina,1,1,8,0,0
CLI00742,31,1,7716074,3,19711533,22,67,3,Digital,Masivo,Orinoquía,0,1,9,0,0
CLI00743,38,15,6833968,2,45909954,26,6,4,Telefónico,Pyme,Orinoquía,0,1,5,2,0
CLI00744,31,4,6088727,6,32329598,33,125,5,Presencial,Masivo,Pacífica,0,1,7,0,0
CLI00745,38,14,11507571,6,33119668,11,314,4,App Móvil,Preferente,Andina,1,1,8,3,1
CLI00746,41,11,9825032,4,38091886,10,326,6,Presencial,Masivo,Andina,0,1,7,1,1
CLI00747,45,3,10478989,2,24928384,25,53,8,Presencial,Pyme,Amazonía,0,1,4,3,1
CLI00748,26,14,5183909,4,20017857,37,66,9,Presencial,Masivo,Caribe,0,1,4,2,0
CLI00749,55,10,3039600,3,2715548,48,314,6,Telefónico,Masivo,Caribe,0,1,5,2,0
CLI00750,27,15,8965106,1,779091,43,82,6,App Móvil,Masivo,Andina,1,1,0,0,0
CLI00751,23,5,6583801,2,44309829,53,87,3,Digital,Masivo,Caribe,1,1,10,3,1
CLI00752,34,13,3727503,2,11765788,38,2,0,Digital,Masivo,Amazonía,1,0,7,1,1
CLI00753,64,17,4570771,2,30725231,41,204,7,App Móvil,Preferente,Andina,0,1,1,3,0
CLI00754,64,11,2643647,4,35261362,45,150,3,Presencial,Masivo,Andina,0,1,5,1,0
CLI00755,32,10,8656406,3,22744736,24,293,0,Telefónico,Masivo,Pacífica,1,1,8,1,1
CLI00756,44,12,2916953,2,31766658,40,103,4,Presencial,Masivo,Andina,0,0,2,3,0
CLI00757,37,10,4194245,2,17742011,46,24,7,Digital,Premium,Caribe,1,1,1,4,0
CLI00758,52,15,1921280,6,14284450,56,212,3,Telefónico,Preferente,Andina,0,1,9,3,1
CLI00759,32,14,2409245,1,44526276,33,65,7,Telefónico,Preferente,Pacífica,1,1,4,1,0
CLI00760,37,14,1841207,6,1578458,17,209,7,Digital,Preferente,Andina,0,0,10,2,1
CLI00761,29,3,2730746,6,43752811,24,251,2,Digital,Masivo,Pacífica,1,1,8,2,1
CLI00762,25,10,4789791,1,25435339,37,117,8,App Móvil,Masivo,Caribe,1,1,5,0,0
CLI00763,61,18,2092632,3,43563219,57,116,2,Digital,Masivo,Caribe,1,1,7,2,1
CLI00764,25,14,11360786,6,28963091,2,237,0,App Móvil,Premium,Caribe,0,1,7,4,1
CLI00765,46,3,2662189,3,14912584,32,105,1,Digital,Pyme,Andina,1,1,6,1,0
CLI00766,24,12,7230385,6,31012518,57,259,5,Presencial,Preferente,Pacífica,1,0,4,3,0
CLI00767,53,18,10302907,5,17449202,24,46,9,App Móvil,Masivo,Pacífica,0,0,1,3,0
CLI00768,24,1,3881486,1,44277522,9,311,1,Telefónico,Masivo,Andina,0,1,9,4,1
CLI00769,48,13,8213070,6,49388645,4,331,5,Presencial,Masivo,Andina,1,1,9,2,0
CLI00770,50,3,9668326,5,42080940,17,216,0,Telefónico,Preferente,Pacífica,0,1,4,1,0
CLI00771,53,15,6893455,4,7845772,17,301,0,Digital,Masivo,Caribe,1,1,11,2,1
CLI00772,40,19,1625438,5,43227323,53,333,4,Digital,Pyme,Caribe,0,1,6,0,0
CLI00773,42,13,5270183,2,8048056,50,24,9,App Móvil,Masivo,Amazonía,1,1,11,2,1
CLI00774,26,14,11805651,6,14136405,48,35,8,Telefónico,Pyme,Andina,0,0,11,0,0
CLI00775,39,2,8585904,5,45762011,30,24,7,Telefónico,Premium,Amazonía,1,0,6,3,0
CLI00776,49,7,8199744,3,23767091,40,28,2,Presencial,Premium,Andina,0,1,10,1,0
CLI00777,63,15,10524327,4,32983150,58,16,2,Digital,Preferente,Pacífica,0,1,1,0,0
CLI00778,43,9,4301445,6,33204148,11,59,0,Digital,Preferente,Caribe,0,1,6,2,1
CLI00779,42,3,10696866,2,26668885,21,243,2,Presencial,Preferente,Caribe,1,1,5,2,0
CLI00780,27,17,8339789,5,37562578,21,207,0,Telefónico,Preferente,Andina,0,1,6,3,1
CLI00781,22,1,10070556,4,31281095,18,271,7,Presencial,Preferente,Andina,1,1,10,4,0
CLI00782,26,16,4082814,6,2361331,55,249,0,App Móvil,Pyme,Caribe,0,1,7,4,1
CLI00783,62,12,5269457,4,17935559,29,267,4,Digital,Preferente,Caribe,0,1,3,2,1
CLI00784,33,3,2706751,2,44474153,24,193,8,Presencial,Premium,Caribe,1,1,0,4,1
CLI00785,47,10,2453692,5,34095961,10,335,6,Digital,Premium,Pacífica,1,0,7,1,0
CLI00786,55,6,1717770,4,4348530,45,218,3,Presencial,Masivo,Andina,1,1,7,4,1
CLI00787,35,11,5599906,4,41837593,17,115,8,Digital,Masivo,Caribe,1,1,2,1,0
CLI00788,47,9,6336917,1,5156758,18,68,8,App Móvil,Preferente,Caribe,1,1,2,2,0
CLI00789,48,6,8469129,4,31949098,42,299,1,Digital,Preferente,Caribe,1,1,4,2,0
CLI00790,30,12,7410184,1,43484059,48,325,9,App Móvil,Premium,Andina,1,1,2,2,0
CLI00791,47,6,7582199,5,25284744,20,75,9,Presencial,Masivo,Caribe,0,1,4,3,0
CLI00792,43,16,6801533,6,33960979,37,103,5,App Móvil,Preferente,Pacífica,1,1,7,4,1
CLI00793,51,9,3290008,6,48429495,45,297,3,Presencial,Preferente,Caribe,1,0,0,0,0
CLI00794,64,9,3326525,5,43602130,18,178,7,App Móvil,Masivo,Caribe,1,1,1,0,0
CLI00795,38,3,6013070,5,18434799,17,215,6,Digital,Preferente,Orinoquía,0,1,1,2,0
CLI00796,47,19,11227138,3,28875186,9,315,6,Telefónico,Premium,Pacífica,0,1,11,4,1
CLI00797,57,3,8917874,5,32051979,14,39,9,App Móvil,Masivo,Caribe,1,0,3,1,0
CLI00798,22,6,7651537,4,23254222,49,259,8,Digital,Preferente,Pacífica,0,1,8,0,0
CLI00799,29,0,5966951,6,18012598,29,204,4,Digital,Preferente,Andina,1,0,1,2,0
CLI00800,56,11,2978768,2,5228298,31,7,5,Presencial,Masivo,Pacífica,0,0,11,0,0
CLI00801,36,12,8589478,6,32502170,4,49,0,App Móvil,Masivo,Andina,1,1,10,0,0
CLI00802,43,9,11453821,1,45825546,18,26,5,Presencial,Pyme,Pacífica,0,0,11,0,0
CLI00803,35,14,6624674,6,44362533,59,161,1,Presencial,Masivo,Amazonía,1,0,8,2,0
CLI00804,47,12,9826435,3,32590433,20,357,5,Digital,Masivo,Caribe,0,1,6,2,1
CLI00805,49,8,10576760,5,26463506,56,176,8,Digital,Masivo,Andina,1,0,9,3,0
CLI00806,44,8,1902980,5,7775679,56,79,7,App Móvil,Preferente,Andina,1,1,7,3,1
CLI00807,35,14,10926944,6,36686725,47,2,8,Digital,Preferente,Caribe,0,0,0,3,0
CLI00808,45,9,11057540,2,9929645,43,132,9,Telefónico,Preferente,Caribe,1,1,4,0,0
CLI00809,23,9,9057260,2,20809587,44,276,7,App Móvil,Masivo,Caribe,0,1,8,4,1
CLI00810,47,7,8432667,3,46797541,9,117,2,Digital,Premium,Andina,0,1,11,2,1
CLI00811,35,15,11337695,1,18309033,13,164,7,Telefónico,Masivo,Andina,1,1,3,3,0
CLI00812,28,16,4031528,6,31397440,15,288,5,Digital,Masivo,Andina,1,0,1,4,0
CLI00813,24,4,3608542,5,35569506,27,28,5,Telefónico,Preferente,Caribe,0,0,5,3,0
CLI00814,44,3,8422496,6,21497274,15,333,5,Digital,Masivo,Andina,0,1,1,3,0
CLI00815,64,17,10826243,3,45905971,28,1,2,Telefónico,Premium,Orinoquía,0,1,2,4,0
CLI00816,39,18,5002626,4,49270645,37,188,9,Digital,Pyme,Andina,1,1,7,3,0
CLI00817,59,3,2886689,4,12928942,55,56,0,Presencial,Masivo,Andina,0,1,2,0,0
CLI00818,56,6,4346230,3,23396727,19,35,3,Presencial,Premium,Pacífica,1,0,1,0,0
CLI00819,36,9,3618433,5,1462538,26,112,9,Digital,Premium,Pacífica,1,1,5,0,0
CLI00820,46,17,7053535,3,6379878,52,286,5,Telefónico,Pyme,Andina,0,1,2,1,0
CLI00821,58,18,5178621,5,10463128,26,310,9,Digital,Masivo,Orinoquía,0,1,0,3,0
CLI00822,49,3,6056766,2,20711269,25,36,1,Telefónico,Preferente,Andina,1,1,11,1,0
CLI00823,31,9,7727018,3,41187181,26,217,6,Digital,Masivo,Orinoquía,0,1,2,2,0
CLI00824,60,0,6500546,5,39418507,26,80,6,Telefónico,Premium,Caribe,0,0,5,4,1
CLI00825,38,17,11186599,3,17509938,46,314,3,Digital,Masivo,Caribe,0,1,2,2,0
CLI00826,60,4,8471138,3,21857908,28,83,3,Presencial,Preferente,Caribe,1,1,8,1,0
CLI00827,43,14,11702796,5,22802477,49,65,0,Digital,Masivo,Pacífica,1,1,6,0,0
CLI00828,47,16,11995967,5,14058071,18,325,1,Telefónico,Masivo,Andina,0,1,4,3,1
CLI00829,46,2,10107009,1,9589455,32,128,8,Digital,Preferente,Caribe,0,1,1,3,0
CLI00830,38,11,10873740,3,42977144,53,307,9,App Móvil,Premium,Caribe,1,1,8,0,0
CLI00831,34,1,10047900,4,27616524,3,22,7,App Móvil,Preferente,Orinoquía,1,1,4,3,1
CLI00832,41,0,9045189,3,3875416,2,216,7,Digital,Premium,Pacífica,1,1,6,4,0
CLI00833,46,16,10352545,3,21815676,33,107,8,Telefónico,Masivo,Andina,1,1,8,4,1
CLI00834,25,15,4181206,5,26381877,42,109,6,Digital,Preferente,Andina,1,1,3,4,0
CLI00835,31,4,11080705,3,13860792,19,357,8,Presencial,Preferente,Andina,1,1,8,2,0
CLI00836,24,14,8143433,6,16268917,17,181,9,Telefónico,Masivo,Andina,0,1,0,0,0
CLI00837,62,2,1687771,3,13398275,44,356,1,Telefónico,Preferente,Orinoquía,0,1,11,4,1
CLI00838,39,6,1737199,6,22815818,33,164,5,Telefónico,Preferente,Caribe,1,1,5,1,0
CLI00839,57,10,8790213,4,37656031,12,68,2,Digital,Preferente,Andina,1,1,1,4,1
CLI00840,43,9,4357281,5,26859824,49,292,5,Presencial,Preferente,Andina,1,0,7,2,0
CLI00841,55,8,3774316,3,18167814,56,180,2,Digital,Preferente,Andina,0,1,4,1,1
CLI00842,29,13,11471822,6,4546925,3,181,7,Telefónico,Masivo,Andina,1,0,2,0,0
CLI00843,61,12,2251518,6,44512889,43,169,3,Presencial,Masivo,Andina,1,1,1,0,0
CLI00844,40,1,9727323,6,25897482,49,22,9,Telefónico,Preferente,Caribe,0,1,7,4,0
CLI00845,63,2,2013313,2,45739355,55,66,5,Digital,Masivo,Andina,1,0,6,1,1
CLI00846,62,6,3832214,1,15448040,26,21,8,Digital,Masivo,Caribe,1,0,8,1,0
CLI00847,58,17,6581820,4,3775702,35,100,1,Digital,Masivo,Caribe,1,1,7,4,1
CLI00848,27,2,6766662,3,37644716,8,300,1,Digital,Preferente,Caribe,1,1,10,4,1
CLI00849,47,9,11752070,2,47555350,52,103,6,Digital,Masivo,Pacífica,1,0,3,3,0
CLI00850,55,6,10542832,3,23547377,36,47,1,App Móvil,Preferente,Andina,1,1,1,3,0
CLI00851,27,8,3750397,3,27565595,53,39,1,App Móvil,Preferente,Andina,0,1,1,4,0
CLI00852,58,16,11887892,5,6898410,54,285,3,Presencial,Masivo,Pacífica,0,0,1,2,0
CLI00853,54,10,11890284,5,2455918,7,310,8,Presencial,Premium,Pacífica,1,1,10,3,1
CLI00854,43,6,9791860,5,8053048,46,90,7,Digital,Preferente,Andina,1,1,11,4,0
CLI00855,42,13,11573140,2,12194329,46,85,1,App Móvil,Preferente,Andina,1,1,5,1,0
CLI00856,27,18,10343026,3,14042008,36,273,7,Digital,Preferente,Andina,1,1,6,3,1
CLI00857,27,3,9226360,1,48018898,16,336,3,App Móvil,Masivo,Andina,0,1,11,2,1
CLI00858,25,5,9346613,4,25476259,24,188,1,Presencial,Preferente,Andina,1,1,5,0,0
CLI00859,51,9,2972542,5,42101517,54,159,9,Digital,Masivo,Pacífica,0,1,1,1,0
CLI00860,32,6,9833648,5,24365389,1,243,6,App Móvil,Pyme,Orinoquía,1,1,3,2,0
CLI00861,51,12,5973014,3,7955229,49,73,5,Digital,Premium,Caribe,1,1,2,2,0
CLI00862,52,13,2062621,3,20465389,25,49,9,Presencial,Preferente,Caribe,1,1,10,2,1
CLI00863,45,3,5029801,2,47152541,10,101,4,Presencial,Masivo,Andina,0,1,3,1,0
CLI00864,30,7,6308163,2,15239667,54,2,0,Digital,Masivo,Andina,0,1,4,2,1
CLI00865,24,4,7784851,5,43289692,16,244,1,Presencial,Masivo,Caribe,1,1,6,0,0
CLI00866,52,0,3098099,3,24787022,16,176,7,Telefónico,Preferente,Orinoquía,1,1,8,3,0
CLI00867,61,3,11100177,1,35534839,58,238,0,Telefónico,Masivo,Caribe,1,0,10,1,0
CLI00868,58,2,2695885,4,6143192,8,59,2,Digital,Preferente,Orinoquía,0,0,1,2,0
CLI00869,57,8,11044691,3,36832178,29,353,1,App Móvil,Masivo,Pacífica,1,1,7,4,1
CLI00870,45,7,11862932,3,801125,39,99,4,Digital,Pyme,Pacífica,1,1,2,3,0
CLI00871,52,0,5398190,6,19775994,28,359,3,Digital,Masivo,Caribe,0,1,8,1,1
CLI00872,27,5,8886133,2,14775854,6,2,6,Digital,Pyme,Caribe,1,1,9,4,0
CLI00873,23,8,4888445,4,30293172,16,243,4,Digital,Pyme,Andina,0,1,11,4,1
CLI00874,41,6,4242974,5,19470911,20,297,7,Digital,Preferente,Caribe,1,1,3,2,0
CLI00875,49,3,11167788,3,18545909,16,211,3,App Móvil,Preferente,Andina,1,1,2,1,0
CLI00876,32,12,9697590,5,32678131,7,123,5,Digital,Masivo,Andina,1,1,9,2,0
CLI00877,25,16,9682535,3,27156985,41,229,3,Digital,Preferente,Caribe,1,1,5,0,0
CLI00878,36,1,9566513,5,9698623,14,82,1,Digital,Masivo,Caribe,1,1,9,4,1
CLI00879,27,4,4084182,4,5254230,43,144,0,Telefónico,Masivo,Pacífica,0,1,8,0,1
CLI00880,51,11,11696894,2,37411032,26,140,0,App Móvil,Preferente,Caribe,1,1,6,2,0
CLI00881,59,7,5863089,4,12901865,26,29,7,Digital,Preferente,Caribe,1,1,3,3,0
CLI00882,23,5,4297921,6,34962709,14,270,3,Digital,Preferente,Andina,0,1,2,4,0
CLI00883,36,7,10157768,1,44476240,7,247,4,Digital,Masivo,Amazonía,0,1,9,3,1
CLI00884,32,17,1941904,2,6188753,33,12,7,Digital,Masivo,Andina,1,0,3,1,0
CLI00885,29,2,6570414,4,43547632,26,355,6,Digital,Masivo,Caribe,0,1,2,4,1
CLI00886,47,11,6592792,6,46417064,57,337,7,Presencial,Masivo,Andina,0,1,11,0,0
CLI00887,26,2,2078526,1,37122377,45,106,7,Digital,Masivo,Orinoquía,1,1,2,3,1
CLI00888,27,5,8112208,6,37221001,20,32,5,Presencial,Masivo,Pacífica,0,1,11,1,0
CLI00889,47,1,9087676,3,34603398,3,74,9,Digital,Masivo,Andina,1,0,8,4,1
CLI00890,25,11,2337393,3,41375215,52,171,1,App Móvil,Premium,Andina,0,0,3,1,0
CLI00891,40,1,6634544,5,15511932,4,337,5,App Móvil,Masivo,Andina,1,0,8,0,0
CLI00892,41,5,2314422,2,7875889,26,69,0,Presencial,Preferente,Caribe,1,1,11,4,1
CLI00893,54,16,6805431,3,46543589,11,301,0,Presencial,Masivo,Pacífica,1,1,9,1,1
CLI00894,41,2,10623591,6,37771226,2,362,2,Presencial,Premium,Pacífica,0,1,4,2,0
CLI00895,33,1,3763429,2,42775347,14,137,2,Presencial,Preferente,Amazonía,1,1,6,4,1
CLI00896,22,19,4635812,3,2089632,44,100,4,Telefónico,Masivo,Caribe,1,1,4,4,1
CLI00897,47,7,4438687,5,7834112,30,146,0,Presencial,Preferente,Caribe,1,1,0,4,1
CLI00898,35,11,6653435,4,27006699,49,9,9,App Móvil,Masivo,Andina,0,1,1,4,0
CLI00899,59,3,2916842,5,4799412,12,62,5,App Móvil,Preferente,Pacífica,0,1,10,2,0
CLI00900,58,4,5189024,1,16090299,26,185,6,Digital,Masivo,Pacífica,1,1,4,0,0
CLI00901,32,12,5896650,3,27534241,44,29,9,Presencial,Pyme,Caribe,0,1,5,2,0
CLI00902,57,14,5202418,1,29361667,33,114,2,Digital,Masivo,Caribe,1,1,6,2,1
CLI00903,34,15,5141771,1,45499011,13,143,3,Digital,Masivo,Andina,0,1,1,1,0
CLI00904,64,9,7928099,6,24506794,14,120,9,Presencial,Preferente,Andina,1,0,9,3,0
CLI00905,24,15,5579441,2,45949429,24,170,9,Digital,Masivo,Orinoquía,1,0,8,3,0
CLI00906,54,11,6856430,6,23584256,34,157,9,App Móvil,Premium,Andina,1,1,5,1,0
CLI00907,27,16,8275602,3,46016582,44,335,9,Digital,Preferente,Pacífica,1,1,1,2,0
CLI00908,31,15,2460652,1,6355421,26,349,9,Presencial,Preferente,Andina,1,1,1,1,0
CLI00909,26,11,3688370,4,18341041,21,260,2,Telefónico,Masivo,Pacífica,1,1,2,4,1
CLI00910,44,7,11437093,1,20805820,28,82,0,Telefónico,Premium,Andina,1,1,0,1,0
CLI00911,31,19,11455951,4,30506503,48,242,7,Presencial,Preferente,Pacífica,1,1,8,1,0
CLI00912,23,2,8485945,6,7433980,36,172,9,App Móvil,Masivo,Caribe,1,1,9,4,1
CLI00913,34,15,10644220,6,18301847,40,231,9,Presencial,Masivo,Andina,0,1,10,3,1
CLI00914,61,12,5494528,2,26357714,2,208,1,Presencial,Masivo,Caribe,1,1,3,4,1
CLI00915,23,18,3576475,1,38778801,42,75,0,Digital,Pyme,Andina,0,1,4,0,0
CLI00916,41,7,3641912,5,4961914,9,270,7,Presencial,Masivo,Andina,1,1,6,1,0
CLI00917,22,4,4644311,6,27989802,23,114,6,App Móvil,Preferente,Caribe,1,1,0,1,0
CLI00918,58,19,1785622,6,14390554,15,62,6,Telefónico,Masivo,Amazonía,1,1,2,3,0
CLI00919,30,7,3462889,2,7595853,13,362,3,App Móvil,Masivo,Caribe,1,0,2,2,1
CLI00920,38,11,11795470,4,33223032,23,320,8,Presencial,Preferente,Pacífica,1,1,1,4,0
CLI00921,30,0,2896436,2,24428177,17,102,5,Digital,Pyme,Amazonía,0,1,7,2,0
CLI00922,32,19,10556148,1,906395,48,362,1,Digital,Preferente,Caribe,1,1,4,0,0
CLI00923,36,5,3695690,3,16188828,2,210,0,Digital,Premium,Pacífica,0,1,0,4,1
CLI00924,45,17,11476844,3,12216847,20,255,0,Telefónico,Preferente,Caribe,1,0,11,0,1
CLI00925,59,7,6670080,4,49294690,20,20,8,Telefónico,Masivo,Caribe,0,1,1,0,0
CLI00926,56,6,6205815,6,46473774,59,58,3,Digital,Masivo,Andina,0,1,0,0,0
CLI00927,51,0,4482410,4,45367034,46,112,4,Presencial,Preferente,Orinoquía,1,1,5,4,1
CLI00928,52,15,8174192,6,46800058,3,313,2,Presencial,Pyme,Caribe,0,1,8,4,1
CLI00929,26,11,2904355,6,8288515,55,196,3,Presencial,Premium,Andina,1,1,10,3,0
CLI00930,35,5,6556093,3,21582244,12,353,7,Digital,Masivo,Andina,0,0,6,1,0
CLI00931,32,19,3964722,4,10696208,40,92,3,Digital,Masivo,Orinoquía,1,1,4,2,0
CLI00932,30,1,8059442,2,34524710,2,52,8,Digital,Masivo,Caribe,1,1,11,2,1
CLI00933,55,13,7130761,6,8884527,36,293,8,Digital,Pyme,Pacífica,0,1,2,0,0
CLI00934,33,3,4401092,5,28447661,14,8,5,Digital,Premium,Pacífica,0,1,11,4,1
CLI00935,56,0,11411142,5,22048729,16,300,1,Digital,Premium,Pacífica,1,1,11,4,1
CLI00936,56,17,3222907,2,5005231,19,98,9,Telefónico,Masivo,Orinoquía,0,1,7,0,0
CLI00937,22,12,4370574,5,36502566,34,236,6,Digital,Preferente,Pacífica,1,1,9,1,0
CLI00938,61,1,8382799,1,10698216,44,69,8,App Móvil,Preferente,Caribe,0,1,3,2,0
CLI00939,43,8,9452017,6,1347203,46,45,5,Digital,Masivo,Andina,0,1,8,3,0
CLI00940,50,1,8421983,2,8855197,6,137,2,Digital,Preferente,Andina,1,1,4,1,0
CLI00941,29,8,8026925,4,10781973,13,234,6,Presencial,Masivo,Andina,0,1,5,4,0
CLI00942,32,0,6865986,6,34741450,36,32,4,Digital,Masivo,Andina,1,0,4,0,0
CLI00943,62,10,8259291,2,43635777,22,289,0,App Móvil,Premium,Andina,0,0,9,2,1
CLI00944,58,2,9843528,3,21874795,18,126,2,Digital,Premium,Andina,0,0,11,0,0
CLI00945,35,19,11933548,4,40966411,12,67,4,App Móvil,Masivo,Amazonía,1,1,10,4,1
CLI00946,51,3,11988017,3,2267357,52,30,6,App Móvil,Preferente,Caribe,1,0,6,0,0
CLI00947,56,17,7032388,6,1799971,59,114,2,Presencial,Masivo,Orinoquía,1,1,6,2,1
CLI00948,42,5,9520364,4,9532945,54,204,5,Presencial,Preferente,Andina,0,1,0,0,0
CLI00949,58,2,8951747,5,43367513,30,29,4,Telefónico,Premium,Andina,1,1,1,2,0
CLI00950,26,10,5381857,2,49152692,53,131,0,Presencial,Premium,Pacífica,1,1,6,0,1
CLI00951,40,14,6037871,6,33059070,51,185,9,Telefónico,Preferente,Andina,0,1,7,0,0
CLI00952,35,4,1791464,1,14517702,40,253,5,Digital,Masivo,Andina,1,1,3,2,0
CLI00953,47,19,6239400,4,28416252,7,286,7,Digital,Masivo,Andina,1,1,5,0,0
CLI00954,25,9,1618581,4,45525374,32,62,0,Presencial,Preferente,Andina,0,1,10,1,0
CLI00955,46,11,6870807,6,573881,48,3,1,Presencial,Masivo,Orinoquía,1,1,11,3,1
CLI00956,63,14,5352256,6,14493529,19,68,3,App Móvil,Premium,Pacífica,1,1,9,1,0
CLI00957,46,16,10227148,3,9407062,6,25,1,Digital,Masivo,Caribe,0,1,2,3,0
CLI00958,39,9,2001590,5,22671084,20,179,8,App Móvil,Masivo,Caribe,1,1,6,1,1
CLI00959,61,5,11307020,3,15079813,27,141,9,Digital,Masivo,Andina,0,1,10,3,0
CLI00960,29,17,4860492,3,14242373,53,231,7,Presencial,Pyme,Caribe,1,0,2,0,0
CLI00961,60,12,11518977,5,41163819,43,300,7,Digital,Masivo,Andina,1,1,10,2,0
CLI00962,61,2,2372328,1,38807239,37,163,3,Presencial,Preferente,Caribe,1,1,6,2,1
CLI00963,35,9,6309479,3,20655767,48,311,4,Digital,Masivo,Andina,1,1,11,4,1
CLI00964,53,13,4610691,3,3301394,7,130,3,Presencial,Masivo,Caribe,0,1,10,3,0
CLI00965,59,5,2858097,4,2827364,59,246,8,App Móvil,Preferente,Andina,1,1,11,4,0
CLI00966,54,2,9813157,5,3354513,5,297,1,Presencial,Preferente,Pacífica,1,1,10,4,1
CLI00967,44,15,2794315,2,10824286,11,172,7,Presencial,Preferente,Andina,1,1,7,3,1
CLI00968,36,6,7587595,1,48373501,15,64,1,App Móvil,Premium,Amazonía,1,1,2,2,1
CLI00969,54,19,4075508,1,45069853,3,31,0,Telefónico,Masivo,Orinoquía,0,0,1,3,1
CLI00970,46,13,11246919,5,1613560,58,47,9,Presencial,Masivo,Andina,0,1,11,0,0
CLI00971,38,8,6010784,6,19070889,5,130,2,Digital,Pyme,Caribe,0,1,5,4,0
CLI00972,54,14,11178075,6,36575177,23,352,8,App Móvil,Masivo,Pacífica,1,0,3,4,0
CLI00973,23,2,1664074,4,20080139,53,333,2,Presencial,Preferente,Orinoquía,0,1,7,3,1
CLI00974,35,1,4070466,4,36750173,37,110,8,Digital,Premium,Pacífica,1,1,1,4,0
CLI00975,61,1,10679253,5,27664538,9,69,6,Digital,Masivo,Caribe,1,1,3,2,0
CLI00976,61,2,4787093,4,34390420,15,58,9,App Móvil,Preferente,Amazonía,0,1,1,4,0
CLI00977,60,17,2517481,1,8103670,3,106,0,Digital,Masivo,Caribe,1,0,1,3,1
CLI00978,27,13,5094804,1,34104860,29,300,9,App Móvil,Masivo,Pacífica,1,1,1,2,0
CLI00979,27,19,9951115,2,18866922,6,330,4,Digital,Masivo,Orinoquía,1,0,0,2,0
CLI00980,24,17,10994318,6,30836413,17,256,8,Telefónico,Premium,Caribe,0,1,3,4,1
CLI00981,28,9,3838377,5,33467508,26,312,2,Presencial,Masivo,Orinoquía,0,1,1,3,0
CLI00982,29,1,2306564,3,10117390,21,171,8,Presencial,Preferente,Andina,0,1,8,4,0
CLI00983,63,0,5418949,6,4305665,8,162,4,App Móvil,Pyme,Amazonía,0,0,8,0,0
CLI00984,36,3,7547511,3,14309043,21,286,8,Presencial,Preferente,Caribe,1,0,10,0,0
CLI00985,50,13,11498081,2,36443622,57,71,9,Presencial,Preferente,Amazonía,1,1,10,2,0
CLI00986,54,0,11600560,2,25562996,11,255,5,Digital,Preferente,Caribe,0,1,6,4,1
CLI00987,51,13,2237954,4,30425259,38,55,8,Digital,Masivo,Pacífica,1,0,5,0,0
CLI00988,60,15,4408056,2,33030069,8,323,6,Digital,Preferente,Andina,1,0,11,1,0
CLI00989,48,13,9340130,2,9003281,42,3,6,Telefónico,Preferente,Andina,0,0,2,0,0
CLI00990,57,19,9857998,3,24529154,24,26,7,Digital,Pyme,Caribe,0,1,11,4,1
CLI00991,50,2,10595781,4,7660678,35,313,6,Digital,Pyme,Pacífica,1,1,6,4,0
CLI00992,59,2,7434261,2,26656465,55,126,8,Presencial,Premium,Caribe,1,0,0,0,0
CLI00993,54,8,6010579,6,35284715,14,53,8,Telefónico,Premium,Andina,1,1,8,4,1
CLI00994,58,5,10568055,2,9142693,55,198,5,Telefónico,Preferente,Caribe,0,0,3,4,0
CLI00995,48,12,10950012,4,21807008,14,299,6,Digital,Preferente,Amazonía,0,1,5,1,0
CLI00996,54,1,9063493,5,31127915,10,188,1,Digital,Premium,Caribe,0,1,5,2,0
CLI00997,25,7,4035232,4,6389690,12,186,8,App Móvil,Masivo,Caribe,1,1,10,4,0
CLI00998,43,1,9204694,3,40320606,38,305,0,Digital,Pyme,Caribe,1,1,2,3,1
CLI00999,23,3,3878907,5,34306425,44,298,0,App Móvil,Masivo,Andina,0,1,3,2,0
CLI01000,31,14,8490607,6,15678986,55,204,2,App Móvil,Preferente,Caribe,1,1,10,2,1
CLI01001,26,3,6032688,1,42414801,46,11,5,Telefónico,Preferente,Andina,1,1,9,3,1
CLI01002,31,12,9079751,4,40170352,34,359,4,Digital,Pyme,Orinoquía,1,1,2,0,0
CLI01003,54,11,8633131,3,15234145,41,354,1,App Móvil,Masivo,Pacífica,1,1,5,1,0
CLI01004,59,12,3863162,6,12491356,10,146,8,Telefónico,Preferente,Andina,0,1,0,4,0
CLI01005,34,13,6381909,5,24090583,58,85,9,Presencial,Preferente,Caribe,1,1,7,0,0
CLI01006,52,19,7180820,6,33552405,17,100,3,Digital,Masivo,Pacífica,0,0,7,3,0
CLI01007,57,17,10803721,4,27740293,17,104,3,Digital,Premium,Caribe,0,1,8,1,1
CLI01008,45,5,4192794,2,13552664,3,46,4,Digital,Preferente,Pacífica,1,1,5,1,0
CLI01009,36,10,3845704,4,33872374,31,44,7,Presencial,Preferente,Caribe,1,1,0,1,0
CLI01010,50,1,10311940,1,20671672,51,278,9,Presencial,Masivo,Andina,1,1,2,3,0
CLI01011,29,18,9720038,4,33891894,1,181,3,Presencial,Preferente,Andina,1,1,0,0,0
CLI01012,26,18,9777983,5,20705423,12,187,4,Presencial,Preferente,Orinoquía,1,1,4,4,1
CLI01013,50,4,1792575,5,29710174,39,114,3,Presencial,Masivo,Caribe,1,1,2,1,0
CLI01014,25,18,2959700,4,42364813,4,255,5,Telefónico,Masivo,Andina,0,1,1,1,0
CLI01015,33,1,9917944,5,35985062,42,30,2,App Móvil,Pyme,Caribe,1,1,2,0,0
CLI01016,23,9,4701078,2,48702875,13,264,7,Digital,Preferente,Pacífica,1,0,8,1,1
CLI01017,48,1,11531033,6,38117599,34,98,5,Presencial,Preferente,Orinoquía,1,1,10,1,0
CLI01018,52,10,4107622,4,7463131,42,313,9,Digital,Masivo,Andina,1,1,7,3,0
CLI01019,57,17,3386963,2,2795126,21,329,4,Telefónico,Masivo,Andina,1,0,2,2,0
CLI01020,57,14,6804120,6,41169328,22,115,1,Telefónico,Masivo,Orinoquía,1,1,10,0,0
CLI01021,47,8,4272605,6,39117064,57,276,9,App Móvil,Masivo,Andina,1,0,1,0,0
CLI01022,64,18,2947947,2,23176121,4,281,9,Digital,Preferente,Andina,1,1,4,0,0
CLI01023,48,8,7313775,3,30535317,18,275,6,App Móvil,Preferente,Andina,0,0,11,3,1
CLI01024,26,2,8742447,4,45566678,5,261,1,Digital,Preferente,Pacífica,1,0,11,3,1
CLI01025,41,8,9778499,6,27883716,19,331,0,Telefónico,Masivo,Caribe,1,0,11,4,1
CLI01026,32,13,7972652,6,9079860,2,207,6,Digital,Preferente,Pacífica,1,0,0,3,0
CLI01027,31,18,8106470,5,33399263,12,328,4,App Móvil,Masivo,Andina,1,1,3,0,0
CLI01028,61,6,2998339,6,39136698,17,211,0,Presencial,Masivo,Caribe,1,1,7,4,1
CLI01029,59,15,2176296,2,34456905,10,215,3,Telefónico,Pyme,Pacífica,1,1,0,2,1
CLI01030,27,15,1879039,6,44117798,34,40,3,App Móvil,Preferente,Andina,1,1,4,1,0
CLI01031,29,0,2028714,3,8507150,6,26,9,Digital,Preferente,Caribe,0,1,11,1,0
CLI01032,44,3,8535655,4,1417158,8,27,6,Digital,Masivo,Andina,1,1,3,4,0
CLI01033,47,3,9868352,4,18613148,51,190,8,App Móvil,Pyme,Orinoquía,1,0,5,2,0
CLI01034,64,6,4411190,6,30566254,11,83,1,Digital,Preferente,Orinoquía,0,1,6,1,0
CLI01035,33,7,10441047,1,10032514,57,170,0,Digital,Premium,Amazonía,1,1,8,4,1
CLI01036,47,16,5642535,1,34009865,12,167,1,Presencial,Masivo,Orinoquía,1,1,0,3,1
CLI01037,34,4,1773452,2,42033180,9,188,6,Presencial,Pyme,Caribe,1,1,10,0,0
CLI01038,61,6,10667491,1,18292770,2,169,9,Digital,Premium,Andina,0,1,9,2,0
CLI01039,39,19,5871047,2,18361861,8,289,5,Digital,Premium,Pacífica,0,1,3,1,0
CLI01040,46,19,8684872,5,43390347,58,229,3,Digital,Masivo,Andina,1,1,5,0,0
CLI01041,54,3,3689921,2,30788206,11,97,0,Presencial,Masivo,Andina,0,1,9,4,1
CLI01042,61,5,8927297,1,47484197,53,16,0,App Móvil,Masivo,Andina,1,1,6,1,1
CLI01043,64,6,4698156,6,36785218,36,279,4,App Móvil,Masivo,Andina,0,1,6,0,0
CLI01044,33,17,7301038,5,33432455,10,135,0,Telefónico,Premium,Orinoquía,1,1,7,3,1
CLI01045,57,4,6322139,1,21453319,21,26,6,Digital,Masivo,Andina,0,0,9,2,0
CLI01046,25,19,6454582,2,47337462,20,352,0,App Móvil,Masivo,Andina,0,1,7,4,1
CLI01047,26,2,2262371,3,28616825,48,12,0,Presencial,Masivo,Amazonía,1,1,7,1,1
CLI01048,58,6,4757945,4,20193619,8,72,1,Digital,Masivo,Andina,0,1,7,3,1
CLI01049,29,13,9779143,1,24416430,36,133,9,App Móvil,Masivo,Caribe,1,0,11,2,1
CLI01050,63,6,7161064,2,24467331,29,106,2,Telefónico,Premium,Andina,1,1,7,2,1
CLI01051,49,4,5268950,5,31499954,42,220,0,Telefónico,Preferente,Pacífica,1,1,5,3,1
CLI01052,52,4,1642980,1,43741634,12,177,8,Telefónico,Masivo,Pacífica,1,1,8,1,0
CLI01053,30,1,8000785,1,37175852,14,282,9,Digital,Masivo,Pacífica,0,1,2,2,0
CLI01054,50,5,1757354,4,27554951,48,133,7,Digital,Masivo,Pacífica,0,1,5,4,0
CLI01055,35,14,9363438,2,48815958,54,22,4,Telefónico,Masivo,Caribe,1,0,4,0,0
CLI01056,61,9,7454075,3,20720655,50,269,1,Digital,Preferente,Orinoquía,1,1,7,4,1
CLI01057,62,6,11805768,5,15111500,21,161,4,Presencial,Preferente,Orinoquía,1,1,3,2,0
CLI01058,43,4,9472368,2,43838658,22,107,5,Telefónico,Preferente,Caribe,1,1,3,0,0
CLI01059,32,0,3735883,5,13028847,21,279,0,Telefónico,Preferente,Caribe,1,0,9,3,1
CLI01060,44,12,2264265,1,47238971,44,353,3,Presencial,Masivo,Amazonía,0,1,10,0,1
CLI01061,22,17,8130840,4,34806093,50,235,8,Telefónico,Pyme,Orinoquía,1,1,9,0,0
CLI01062,58,12,7168889,4,28630348,30,18,1,App Móvil,Premium,Orinoquía,1,1,4,0,0
CLI01063,42,17,1808617,6,17891316,39,242,4,Telefónico,Pyme,Orinoquía,1,1,10,2,1
CLI01064,47,4,2244748,3,7816184,20,117,0,Digital,Masivo,Andina,1,0,5,1,0
CLI01065,57,12,11943018,4,48503110,24,286,3,Digital,Pyme,Andina,0,1,10,2,1
CLI01066,44,3,6587692,1,18286606,23,282,3,Digital,Premium,Andina,0,1,3,1,0
CLI01067,22,16,2234275,3,42258657,7,144,5,Digital,Premium,Caribe,1,1,1,3,1
CLI01068,61,2,7714638,2,43036055,9,205,9,Digital,Masivo,Pacífica,1,1,11,3,1
CLI01069,36,16,11186427,4,39835760,1,39,8,Digital,Preferente,Andina,1,1,11,3,0
CLI01070,42,10,10922794,3,21247972,26,154,2,Presencial,Pyme,Andina,0,1,1,3,0
CLI01071,30,19,10487114,1,9734409,38,176,8,App Móvil,Preferente,Andina,0,1,11,3,0
CLI01072,30,3,6939296,6,36382186,38,241,5,Digital,Preferente,Andina,1,1,2,4,1
CLI01073,31,1,7694224,5,47629519,54,134,6,Telefónico,Pyme,Caribe,0,1,1,2,0
CLI01074,47,19,10445326,5,4953799,44,46,9,Telefónico,Masivo,Caribe,1,0,0,1,0
CLI01075,62,15,7524293,1,8351184,22,50,1,Digital,Preferente,Caribe,1,1,7,3,1
CLI01076,56,17,7693367,1,29025773,44,166,9,App Móvil,Preferente,Caribe,1,0,11,4,0
CLI01077,46,7,11485461,5,12612975,10,106,5,Presencial,Pyme,Amazonía,0,1,4,4,0
CLI01078,47,2,6818331,6,37293901,55,216,5,Presencial,Masivo,Caribe,1,1,9,4,1
CLI01079,32,8,10241022,3,49273768,58,146,1,Telefónico,Preferente,Caribe,0,1,0,2,0
CLI01080,59,19,4463944,5,42197411,6,72,1,Digital,Preferente,Andina,0,1,8,3,1
CLI01081,23,5,5448401,1,22034602,17,330,1,Telefónico,Premium,Andina,0,1,7,4,1
CLI01082,28,9,1624932,4,13856901,51,273,9,Digital,Preferente,Caribe,0,1,3,4,0
CLI01083,39,9,6734259,2,43105220,50,247,0,App Móvil,Pyme,Pacífica,1,1,7,3,1
CLI01084,48,12,10156691,6,49309098,38,186,4,Presencial,Pyme,Pacífica,0,1,11,2,0
CLI01085,55,16,11640106,6,420888,24,70,7,Telefónico,Masivo,Caribe,0,1,9,4,1
CLI01086,48,8,8350807,4,8295953,51,150,1,Digital,Masivo,Caribe,1,0,6,1,0
CLI01087,38,16,7780757,4,26528957,10,246,4,Telefónico,Masivo,Orinoquía,0,0,10,0,0
CLI01088,64,8,8284672,1,30663820,56,262,7,Telefónico,Masivo,Pacífica,1,0,10,0,0
CLI01089,45,8,5377809,5,33744717,8,26,9,Presencial,Preferente,Pacífica,0,1,6,0,0
CLI01090,46,0,6376709,3,19973915,21,140,4,Telefónico,Pyme,Caribe,0,1,0,2,0
CLI01091,28,1,11447034,6,2211130,56,99,1,Presencial,Premium,Andina,1,1,5,4,0
CLI01092,27,15,4092316,6,17984955,6,278,2,App Móvil,Masivo,Andina,0,1,3,0,0
CLI01093,45,0,7395725,4,36682843,21,51,5,Presencial,Masivo,Caribe,1,0,9,0,0
CLI01094,54,9,10177828,5,5130418,57,151,4,App Móvil,Preferente,Andina,0,1,9,3,0
CLI01095,50,17,6938757,6,12977207,39,104,3,App Móvil,Preferente,Andina,0,0,9,4,1
CLI01096,64,7,11283893,3,19494042,24,89,3,Presencial,Masivo,Andina,0,1,10,4,1
CLI01097,43,10,4164749,4,1488543,33,141,4,Digital,Premium,Pacífica,0,1,11,3,0
CLI01098,47,1,8228926,3,22630510,59,213,1,Presencial,Pyme,Pacífica,0,0,1,4,1
CLI01099,49,7,5499453,5,31905928,18,233,8,App Móvil,Masivo,Andina,1,1,9,1,0
CLI01100,42,7,11295586,6,39483623,56,183,1,Digital,Premium,Pacífica,1,0,6,2,0
CLI01101,28,16,8746813,2,35992019,28,251,9,Presencial,Masivo,Caribe,0,1,8,3,0
CLI01102,38,14,4421989,6,6417115,57,9,1,App Móvil,Preferente,Pacífica,1,0,4,0,0
CLI01103,41,16,2484156,5,31123936,52,79,9,Presencial,Preferente,Caribe,1,1,7,4,0
CLI01104,62,12,5213543,6,28318787,32,52,8,Telefónico,Masivo,Caribe,1,0,4,1,0
CLI01105,41,18,10752267,6,22364973,12,269,2,Digital,Pyme,Andina,1,1,6,1,1
CLI01106,43,4,2703920,1,17888504,48,226,9,Digital,Preferente,Andina,1,1,6,2,1
CLI01107,49,11,4608591,6,20075489,42,51,6,Telefónico,Preferente,Orinoquía,0,1,8,1,0
CLI01108,61,0,2247852,6,43714543,27,186,3,Digital,Masivo,Andina,0,1,2,4,0
CLI01109,28,4,11045226,3,15442242,10,34,5,Digital,Masivo,Caribe,1,1,0,4,0
CLI01110,22,7,6796990,2,24093575,46,291,3,App Móvil,Masivo,Andina,1,1,1,1,1
CLI01111,53,12,8428655,3,12838405,57,230,9,Digital,Preferente,Andina,1,0,11,4,0
CLI01112,34,7,10996418,3,42547151,52,131,6,App Móvil,Preferente,Andina,1,1,5,4,0
CLI01113,51,10,10700891,4,43095831,42,120,0,App Móvil,Masivo,Pacífica,1,1,9,0,0
CLI01114,44,0,3321367,1,12299695,32,326,2,Digital,Preferente,Pacífica,1,1,9,3,1
CLI01115,40,12,4872863,3,23100902,42,247,2,Digital,Preferente,Orinoquía,1,1,11,4,1
CLI01116,53,18,4399033,5,10832477,26,192,0,Telefónico,Preferente,Amazonía,1,0,8,4,1
CLI01117,51,2,3078315,5,25913772,25,323,5,Presencial,Preferente,Caribe,0,1,2,2,0
CLI01118,50,16,8927210,6,10947852,11,210,8,Digital,Pyme,Pacífica,0,1,9,3,0
CLI01119,50,4,9798852,4,13811224,23,103,7,Telefónico,Preferente,Andina,0,1,1,3,0
CLI01120,51,19,7593073,1,17608851,34,329,6,Digital,Preferente,Pacífica,1,1,10,3,1
CLI01121,37,7,2849590,1,30737525,57,133,9,App Móvil,Masivo,Andina,0,0,0,1,0
CLI01122,61,13,6866645,6,35021649,52,323,7,Digital,Masivo,Amazonía,1,1,1,0,0
CLI01123,40,3,7129905,5,2744686,40,139,5,Digital,Masivo,Pacífica,0,1,2,0,0
CLI01124,39,10,4545529,2,20007761,23,121,8,Digital,Preferente,Amazonía,1,1,6,2,0
CLI01125,22,19,6940107,4,24355905,29,94,2,App Móvil,Masivo,Pacífica,0,1,1,3,0
CLI01126,35,14,8603260,6,41111497,31,129,9,Telefónico,Masivo,Orinoquía,0,1,4,3,0
CLI01127,23,18,8581530,4,231414,7,91,9,App Móvil,Premium,Pacífica,1,1,1,4,0
CLI01128,49,6,11358401,5,12839724,40,92,8,Presencial,Masivo,Andina,1,1,6,1,0
CLI01129,51,18,4397706,5,27229553,33,63,3,Digital,Masivo,Caribe,1,1,9,1,0
CLI01130,59,18,9782356,2,16584878,21,29,6,Digital,Masivo,Andina,1,1,7,2,0
CLI01131,25,10,4701473,2,2402110,2,210,8,Presencial,Premium,Caribe,0,1,7,0,0
CLI01132,22,4,10987265,1,1643083,18,12,1,Presencial,Masivo,Andina,0,1,7,3,1
CLI01133,29,4,10814823,4,43958766,47,333,1,Telefónico,Preferente,Andina,1,1,9,2,1
CLI01134,50,7,8007660,4,11791470,33,297,8,Digital,Preferente,Andina,1,1,8,1,0
CLI01135,60,9,2949991,5,26576632,37,130,2,App Móvil,Preferente,Amazonía,1,1,0,1,0
CLI01136,24,5,7539523,1,29347254,34,293,8,Digital,Preferente,Orinoquía,1,1,11,1,0
CLI01137,53,14,6853966,6,5050058,20,173,4,App Móvil,Premium,Caribe,1,1,0,3,0
CLI01138,31,15,8247741,4,21650,35,208,5,Digital,Masivo,Andina,0,1,9,3,1
CLI01139,31,16,6668554,1,34959394,51,24,1,Presencial,Masivo,Andina,1,1,1,3,1
CLI01140,40,7,1924528,1,27039028,50,99,7,Digital,Masivo,Andina,1,0,10,4,1
CLI01141,55,7,9490001,5,36467725,54,356,8,Presencial,Masivo,Pacífica,1,1,5,0,0
CLI01142,54,8,10500789,1,10727797,18,139,1,Presencial,Masivo,Andina,0,1,0,1,0
CLI01143,44,1,7950219,2,49363500,46,314,5,Presencial,Masivo,Andina,0,1,4,1,0
CLI01144,49,14,3150824,2,25372075,24,174,5,Presencial,Preferente,Orinoquía,0,1,4,4,1
CLI01145,53,17,6765481,3,23602903,8,29,7,Telefónico,Preferente,Pacífica,0,1,3,1,0
CLI01146,28,2,8202692,5,37398760,30,143,9,Telefónico,Masivo,Caribe,1,0,10,1,0
CLI01147,50,16,10027835,6,24556224,44,316,4,App Móvil,Preferente,Pacífica,0,1,4,3,0
CLI01148,29,3,3273055,3,14701106,53,351,8,Digital,Masivo,Andina,0,1,11,3,0
CLI01149,22,3,6692859,2,22797226,10,42,0,Telefónico,Masivo,Caribe,0,1,0,0,0
CLI01150,24,13,10580745,3,40676214,23,299,8,Presencial,Preferente,Caribe,1,1,10,1,1
CLI01151,45,8,1781854,5,12458709,52,208,9,Presencial,Masivo,Andina,1,1,10,2,0
CLI01152,44,8,8162314,5,38727318,49,330,6,Presencial,Masivo,Andina,0,1,5,1,0
CLI01153,29,17,7330395,1,4513207,11,192,3,Digital,Masivo,Caribe,0,1,6,1,1
CLI01154,58,9,10548935,4,9805301,2,160,2,Digital,Pyme,Pacífica,0,1,7,0,1
CLI01155,24,3,3157153,1,31239442,58,64,9,Digital,Preferente,Pacífica,1,1,1,2,0
CLI01156,54,11,11373863,5,26060625,26,243,5,Digital,Masivo,Caribe,0,1,6,1,0
CLI01157,49,7,8583610,2,30174939,36,258,0,Telefónico,Premium,Caribe,1,0,5,2,1
CLI01158,29,1,9342680,6,1008314,33,152,2,Telefónico,Preferente,Pacífica,1,0,8,3,1
CLI01159,55,12,3306684,2,19270546,47,215,1,App Móvil,Preferente,Caribe,0,1,7,3,1
CLI01160,56,15,3309858,1,26883611,13,322,8,Telefónico,Premium,Orinoquía,1,1,10,2,0
CLI01161,53,1,1979083,6,31312762,40,166,2,Digital,Masivo,Andina,0,1,3,1,0
CLI01162,45,10,11282924,5,23507635,25,31,1,App Móvil,Masivo,Andina,1,1,8,2,0
CLI01163,35,9,3401740,2,30271740,4,232,3,App Móvil,Preferente,Caribe,0,1,0,2,1
CLI01164,53,14,7148393,5,40160381,42,282,1,Presencial,Preferente,Caribe,1,1,10,3,1
CLI01165,64,16,7784725,6,17488932,19,29,0,Presencial,Preferente,Caribe,1,0,5,2,0
CLI01166,37,7,9252950,6,19544473,18,195,5,App Móvil,Preferente,Caribe,1,1,7,4,0
CLI01167,25,17,8209914,2,41096674,37,334,9,Presencial,Pyme,Andina,0,1,10,4,1
CLI01168,58,8,8895873,5,28001447,30,256,7,App Móvil,Pyme,Caribe,0,0,10,3,0
CLI01169,42,7,6084946,3,7359055,19,281,9,Digital,Premium,Andina,1,1,3,1,0
CLI01170,35,13,9843199,5,16691493,58,304,9,Digital,Premium,Andina,1,1,1,1,0
CLI01171,52,17,5801400,6,39665277,23,321,1,Presencial,Pyme,Caribe,1,1,10,3,1
CLI01172,39,19,6141094,5,17122646,59,323,8,Presencial,Masivo,Caribe,0,0,1,1,0
CLI01173,28,19,4207184,1,25994235,54,346,2,App Móvil,Masivo,Caribe,0,1,9,0,1
CLI01174,31,11,9373491,3,43883023,16,294,7,App Móvil,Preferente,Caribe,1,1,0,4,0
CLI01175,28,18,5270771,4,33511963,1,87,7,Presencial,Premium,Pacífica,0,0,4,0,0
CLI01176,54,13,3040724,1,15380463,12,149,2,Digital,Preferente,Andina,0,1,5,0,1
CLI01177,44,16,7375293,4,14152098,24,249,2,App Móvil,Preferente,Pacífica,0,1,3,0,0
CLI01178,42,2,3465730,2,23089595,34,321,5,Telefónico,Masivo,Andina,1,1,3,3,1
CLI01179,40,6,8843728,4,41689772,53,283,0,Digital,Masivo,Andina,1,1,4,0,0
CLI01180,40,16,10564281,5,34401837,57,362,3,Presencial,Preferente,Andina,1,1,4,2,0
CLI01181,57,11,8597037,4,47582023,8,198,0,Telefónico,Masivo,Pacífica,0,1,8,1,1
CLI01182,50,8,5562224,6,10680555,18,44,2,Telefónico,Masivo,Caribe,1,1,7,3,0
CLI01183,39,14,11777137,1,49063350,57,356,8,Presencial,Masivo,Caribe,1,1,8,2,0
CLI01184,23,17,2594316,1,39897301,48,28,4,Digital,Masivo,Andina,0,1,2,2,0
CLI01185,22,12,5800915,4,19763284,5,17,4,App Móvil,Preferente,Andina,1,1,2,4,0
CLI01186,26,7,8260403,1,3401447,26,127,3,Telefónico,Masivo,Andina,1,0,0,4,0
CLI01187,41,13,8120241,6,11038804,30,168,2,Presencial,Preferente,Andina,0,1,9,2,1
CLI01188,32,7,3136675,1,30742424,54,244,4,Digital,Masivo,Andina,1,1,5,4,1
CLI01189,63,13,10595281,4,12176872,13,76,3,Telefónico,Premium,Andina,0,1,3,1,0
CLI01190,23,6,2301849,3,22292544,19,231,7,Digital,Masivo,Andina,1,1,10,1,0
CLI01191,24,11,11617273,3,45643397,29,204,3,Digital,Preferente,Pacífica,0,0,7,4,1
CLI01192,44,10,2661068,2,25576050,3,248,7,Presencial,Preferente,Pacífica,0,1,1,0,0
CLI01193,33,10,8870131,1,46794079,26,302,5,Digital,Masivo,Andina,0,1,10,2,0
CLI01194,41,12,2535891,4,5002828,40,214,4,Telefónico,Premium,Pacífica,1,1,1,1,0
CLI01195,26,17,2253494,1,131562,59,215,3,Digital,Preferente,Orinoquía,1,1,6,4,1
CLI01196,58,1,10311785,5,26218129,58,158,3,Telefónico,Masivo,Andina,1,1,4,4,0
CLI01197,59,14,10531370,6,40488398,58,69,3,Digital,Masivo,Andina,1,1,0,1,0
CLI01198,51,19,9111432,1,22367456,12,85,8,Digital,Pyme,Pacífica,1,1,6,1,0
CLI01199,30,17,10656484,1,12841272,2,267,3,Digital,Premium,Andina,0,1,6,0,0
CLI01200,55,14,5204697,3,48593510,11,69,8,App Móvil,Masivo,Caribe,1,1,9,4,1
